-- MySQL dump 10.13  Distrib 5.1.57, for apple-darwin10.3.0 (i386)
--
-- Host: localhost    Database: siver_production
-- ------------------------------------------------------
-- Server version	5.1.57

/*!40101 SET @OLD_CHARACTER_SET_CLIENT=@@CHARACTER_SET_CLIENT */;
/*!40101 SET @OLD_CHARACTER_SET_RESULTS=@@CHARACTER_SET_RESULTS */;
/*!40101 SET @OLD_COLLATION_CONNECTION=@@COLLATION_CONNECTION */;
/*!40101 SET NAMES utf8 */;
/*!40103 SET @OLD_TIME_ZONE=@@TIME_ZONE */;
/*!40103 SET TIME_ZONE='+00:00' */;
/*!40014 SET @OLD_UNIQUE_CHECKS=@@UNIQUE_CHECKS, UNIQUE_CHECKS=0 */;
/*!40014 SET @OLD_FOREIGN_KEY_CHECKS=@@FOREIGN_KEY_CHECKS, FOREIGN_KEY_CHECKS=0 */;
/*!40101 SET @OLD_SQL_MODE=@@SQL_MODE, SQL_MODE='NO_AUTO_VALUE_ON_ZERO' */;
/*!40111 SET @OLD_SQL_NOTES=@@SQL_NOTES, SQL_NOTES=0 */;

--
-- Table structure for table `boat_records`
--

DROP TABLE IF EXISTS `boat_records`;
/*!40101 SET @saved_cs_client     = @@character_set_client */;
/*!40101 SET character_set_client = utf8 */;
CREATE TABLE `boat_records` (
  `id` int(11) NOT NULL AUTO_INCREMENT,
  `scheduled_launch_id` int(11) DEFAULT NULL,
  `experiment_run_id` int(11) NOT NULL,
  `launch_tick` int(11) NOT NULL,
  `land_tick` int(11) DEFAULT NULL,
  `desired_gear` int(11) NOT NULL,
  `speed_multiplier` double NOT NULL DEFAULT '0.5',
  `distance_covered` double NOT NULL,
  `aggregate_gear_difference` int(11) NOT NULL,
  `brain_type` varchar(255) NOT NULL DEFAULT 'BasicBrain',
  PRIMARY KEY (`id`),
  KEY `boat_record_launch_fk` (`scheduled_launch_id`),
  KEY `boat_record_experiment_run_fk` (`experiment_run_id`),
  CONSTRAINT `boat_record_experiment_run_fk` FOREIGN KEY (`experiment_run_id`) REFERENCES `experiment_runs` (`id`),
  CONSTRAINT `boat_record_launch_fk` FOREIGN KEY (`scheduled_launch_id`) REFERENCES `scheduled_launches` (`id`)
) ENGINE=InnoDB AUTO_INCREMENT=12 DEFAULT CHARSET=utf8;
/*!40101 SET character_set_client = @saved_cs_client */;

--
-- Dumping data for table `boat_records`
--

LOCK TABLES `boat_records` WRITE;
/*!40000 ALTER TABLE `boat_records` DISABLE KEYS */;
/*!40000 ALTER TABLE `boat_records` ENABLE KEYS */;
UNLOCK TABLES;

--
-- Table structure for table `experiment_runs`
--

DROP TABLE IF EXISTS `experiment_runs`;
/*!40101 SET @saved_cs_client     = @@character_set_client */;
/*!40101 SET character_set_client = utf8 */;
CREATE TABLE `experiment_runs` (
  `id` int(11) NOT NULL AUTO_INCREMENT,
  `experiment_id` int(11) DEFAULT NULL,
  `started_at` timestamp NOT NULL DEFAULT CURRENT_TIMESTAMP,
  `crash_count` int(11) DEFAULT NULL,
  `tick_count` int(11) DEFAULT NULL,
  `random_seed` int(11) NOT NULL,
  `flushed` tinyint(1) DEFAULT '0',
  `all_boats_finished` tinyint(1) DEFAULT '0',
  `brain_type` varchar(255) NOT NULL DEFAULT 'BasicBrain',
  PRIMARY KEY (`id`),
  KEY `experiment_run_schedule_fk` (`experiment_id`),
  CONSTRAINT `experiment_run_schedule_fk` FOREIGN KEY (`experiment_id`) REFERENCES `experiments` (`id`)
) ENGINE=InnoDB AUTO_INCREMENT=57 DEFAULT CHARSET=utf8;
/*!40101 SET character_set_client = @saved_cs_client */;

--
-- Dumping data for table `experiment_runs`
--

LOCK TABLES `experiment_runs` WRITE;
/*!40000 ALTER TABLE `experiment_runs` DISABLE KEYS */;
/*!40000 ALTER TABLE `experiment_runs` ENABLE KEYS */;
UNLOCK TABLES;

--
-- Table structure for table `experiments`
--

DROP TABLE IF EXISTS `experiments`;
/*!40101 SET @saved_cs_client     = @@character_set_client */;
/*!40101 SET character_set_client = utf8 */;
CREATE TABLE `experiments` (
  `id` int(11) NOT NULL AUTO_INCREMENT,
  `random_seed` int(11) NOT NULL,
  `schedule_id` int(11) NOT NULL,
  `brain_type` varchar(255) NOT NULL DEFAULT 'BasicBrain',
  PRIMARY KEY (`id`),
  KEY `experiment_schedule_fk` (`schedule_id`),
  CONSTRAINT `experiment_schedule_fk` FOREIGN KEY (`schedule_id`) REFERENCES `schedules` (`id`)
) ENGINE=InnoDB AUTO_INCREMENT=1521 DEFAULT CHARSET=utf8;
/*!40101 SET character_set_client = @saved_cs_client */;

--
-- Dumping data for table `experiments`
--

LOCK TABLES `experiments` WRITE;
/*!40000 ALTER TABLE `experiments` DISABLE KEYS */;
INSERT INTO `experiments` VALUES (1,1865631988,2,'BasicBrain'),(2,1865631988,3,'BasicBrain'),(3,1865631988,4,'BasicBrain'),(4,1865631988,5,'BasicBrain'),(5,1865631988,6,'BasicBrain'),(6,1865631988,7,'BasicBrain'),(7,1865631988,8,'BasicBrain'),(8,1865631988,9,'BasicBrain'),(9,1865631988,10,'BasicBrain'),(10,1865631988,11,'BasicBrain'),(11,1865631988,12,'BasicBrain'),(12,1865631988,13,'BasicBrain'),(13,1865631988,14,'BasicBrain'),(14,1865631988,15,'BasicBrain'),(15,1865631988,16,'BasicBrain'),(16,1865631988,17,'BasicBrain'),(17,1865631988,18,'BasicBrain'),(18,1865631988,19,'BasicBrain'),(19,1865631988,20,'BasicBrain'),(20,1865631988,21,'BasicBrain'),(21,1865631988,22,'BasicBrain'),(22,1865631988,23,'BasicBrain'),(23,1865631988,24,'BasicBrain'),(24,1865631988,25,'BasicBrain'),(25,1865631988,26,'BasicBrain'),(26,1865631988,27,'BasicBrain'),(27,1865631988,28,'BasicBrain'),(28,1865631988,29,'BasicBrain'),(29,1865631988,30,'BasicBrain'),(30,1865631988,31,'BasicBrain'),(31,1865631988,32,'BasicBrain'),(32,1865631988,33,'BasicBrain'),(33,1865631988,34,'BasicBrain'),(34,1865631988,35,'BasicBrain'),(35,1865631988,36,'BasicBrain'),(36,1865631988,37,'BasicBrain'),(37,1865631988,38,'BasicBrain'),(38,1865631988,39,'BasicBrain'),(39,1865631988,40,'BasicBrain'),(40,1865631988,41,'BasicBrain'),(41,1865631988,42,'BasicBrain'),(42,1865631988,44,'BasicBrain'),(43,1865631988,45,'BasicBrain'),(44,1865631988,46,'BasicBrain'),(45,1865631988,47,'BasicBrain'),(46,1865631988,48,'BasicBrain'),(47,1865631988,49,'BasicBrain'),(48,1865631988,50,'BasicBrain'),(49,1865631988,51,'BasicBrain'),(50,1865631988,52,'BasicBrain'),(51,1865631988,53,'BasicBrain'),(52,1865631988,54,'BasicBrain'),(53,1865631988,55,'BasicBrain'),(54,1865631988,56,'BasicBrain'),(55,1865631988,57,'BasicBrain'),(56,1865631988,58,'BasicBrain'),(57,1865631988,59,'BasicBrain'),(58,1865631988,60,'BasicBrain'),(59,1865631988,61,'BasicBrain'),(60,1865631988,62,'BasicBrain'),(61,1865631988,63,'BasicBrain'),(62,1865631988,65,'BasicBrain'),(63,1865631988,66,'BasicBrain'),(64,1865631988,67,'BasicBrain'),(65,1865631988,68,'BasicBrain'),(66,1865631988,69,'BasicBrain'),(67,1865631988,70,'BasicBrain'),(68,1865631988,71,'BasicBrain'),(69,1865631988,72,'BasicBrain'),(70,1865631988,73,'BasicBrain'),(71,1865631988,74,'BasicBrain'),(72,1865631988,75,'BasicBrain'),(73,1865631988,76,'BasicBrain'),(74,1865631988,77,'BasicBrain'),(75,1865631988,78,'BasicBrain'),(76,1865631988,79,'BasicBrain'),(77,1865631988,2,'ConservativeBrain'),(78,1865631988,3,'ConservativeBrain'),(79,1865631988,4,'ConservativeBrain'),(80,1865631988,5,'ConservativeBrain'),(81,1865631988,6,'ConservativeBrain'),(82,1865631988,7,'ConservativeBrain'),(83,1865631988,8,'ConservativeBrain'),(84,1865631988,9,'ConservativeBrain'),(85,1865631988,10,'ConservativeBrain'),(86,1865631988,11,'ConservativeBrain'),(87,1865631988,12,'ConservativeBrain'),(88,1865631988,13,'ConservativeBrain'),(89,1865631988,14,'ConservativeBrain'),(90,1865631988,15,'ConservativeBrain'),(91,1865631988,16,'ConservativeBrain'),(92,1865631988,17,'ConservativeBrain'),(93,1865631988,18,'ConservativeBrain'),(94,1865631988,19,'ConservativeBrain'),(95,1865631988,20,'ConservativeBrain'),(96,1865631988,21,'ConservativeBrain'),(97,1865631988,22,'ConservativeBrain'),(98,1865631988,23,'ConservativeBrain'),(99,1865631988,24,'ConservativeBrain'),(100,1865631988,25,'ConservativeBrain'),(101,1865631988,26,'ConservativeBrain'),(102,1865631988,27,'ConservativeBrain'),(103,1865631988,28,'ConservativeBrain'),(104,1865631988,29,'ConservativeBrain'),(105,1865631988,30,'ConservativeBrain'),(106,1865631988,31,'ConservativeBrain'),(107,1865631988,32,'ConservativeBrain'),(108,1865631988,33,'ConservativeBrain'),(109,1865631988,34,'ConservativeBrain'),(110,1865631988,35,'ConservativeBrain'),(111,1865631988,36,'ConservativeBrain'),(112,1865631988,37,'ConservativeBrain'),(113,1865631988,38,'ConservativeBrain'),(114,1865631988,39,'ConservativeBrain'),(115,1865631988,40,'ConservativeBrain'),(116,1865631988,41,'ConservativeBrain'),(117,1865631988,42,'ConservativeBrain'),(118,1865631988,44,'ConservativeBrain'),(119,1865631988,45,'ConservativeBrain'),(120,1865631988,46,'ConservativeBrain'),(121,1865631988,47,'ConservativeBrain'),(122,1865631988,48,'ConservativeBrain'),(123,1865631988,49,'ConservativeBrain'),(124,1865631988,50,'ConservativeBrain'),(125,1865631988,51,'ConservativeBrain'),(126,1865631988,52,'ConservativeBrain'),(127,1865631988,53,'ConservativeBrain'),(128,1865631988,54,'ConservativeBrain'),(129,1865631988,55,'ConservativeBrain'),(130,1865631988,56,'ConservativeBrain'),(131,1865631988,57,'ConservativeBrain'),(132,1865631988,58,'ConservativeBrain'),(133,1865631988,59,'ConservativeBrain'),(134,1865631988,60,'ConservativeBrain'),(135,1865631988,61,'ConservativeBrain'),(136,1865631988,62,'ConservativeBrain'),(137,1865631988,63,'ConservativeBrain'),(138,1865631988,65,'ConservativeBrain'),(139,1865631988,66,'ConservativeBrain'),(140,1865631988,67,'ConservativeBrain'),(141,1865631988,68,'ConservativeBrain'),(142,1865631988,69,'ConservativeBrain'),(143,1865631988,70,'ConservativeBrain'),(144,1865631988,71,'ConservativeBrain'),(145,1865631988,72,'ConservativeBrain'),(146,1865631988,73,'ConservativeBrain'),(147,1865631988,74,'ConservativeBrain'),(148,1865631988,75,'ConservativeBrain'),(149,1865631988,76,'ConservativeBrain'),(150,1865631988,77,'ConservativeBrain'),(151,1865631988,78,'ConservativeBrain'),(152,1865631988,79,'ConservativeBrain'),(153,1865631988,2,'RandomChoice'),(154,1865631988,3,'RandomChoice'),(155,1865631988,4,'RandomChoice'),(156,1865631988,5,'RandomChoice'),(157,1865631988,6,'RandomChoice'),(158,1865631988,7,'RandomChoice'),(159,1865631988,8,'RandomChoice'),(160,1865631988,9,'RandomChoice'),(161,1865631988,10,'RandomChoice'),(162,1865631988,11,'RandomChoice'),(163,1865631988,12,'RandomChoice'),(164,1865631988,13,'RandomChoice'),(165,1865631988,14,'RandomChoice'),(166,1865631988,15,'RandomChoice'),(167,1865631988,16,'RandomChoice'),(168,1865631988,17,'RandomChoice'),(169,1865631988,18,'RandomChoice'),(170,1865631988,19,'RandomChoice'),(171,1865631988,20,'RandomChoice'),(172,1865631988,21,'RandomChoice'),(173,1865631988,22,'RandomChoice'),(174,1865631988,23,'RandomChoice'),(175,1865631988,24,'RandomChoice'),(176,1865631988,25,'RandomChoice'),(177,1865631988,26,'RandomChoice'),(178,1865631988,27,'RandomChoice'),(179,1865631988,28,'RandomChoice'),(180,1865631988,29,'RandomChoice'),(181,1865631988,30,'RandomChoice'),(182,1865631988,31,'RandomChoice'),(183,1865631988,32,'RandomChoice'),(184,1865631988,33,'RandomChoice'),(185,1865631988,34,'RandomChoice'),(186,1865631988,35,'RandomChoice'),(187,1865631988,36,'RandomChoice'),(188,1865631988,37,'RandomChoice'),(189,1865631988,38,'RandomChoice'),(190,1865631988,39,'RandomChoice'),(191,1865631988,40,'RandomChoice'),(192,1865631988,41,'RandomChoice'),(193,1865631988,42,'RandomChoice'),(194,1865631988,44,'RandomChoice'),(195,1865631988,45,'RandomChoice'),(196,1865631988,46,'RandomChoice'),(197,1865631988,47,'RandomChoice'),(198,1865631988,48,'RandomChoice'),(199,1865631988,49,'RandomChoice'),(200,1865631988,50,'RandomChoice'),(201,1865631988,51,'RandomChoice'),(202,1865631988,52,'RandomChoice'),(203,1865631988,53,'RandomChoice'),(204,1865631988,54,'RandomChoice'),(205,1865631988,55,'RandomChoice'),(206,1865631988,56,'RandomChoice'),(207,1865631988,57,'RandomChoice'),(208,1865631988,58,'RandomChoice'),(209,1865631988,59,'RandomChoice'),(210,1865631988,60,'RandomChoice'),(211,1865631988,61,'RandomChoice'),(212,1865631988,62,'RandomChoice'),(213,1865631988,63,'RandomChoice'),(214,1865631988,65,'RandomChoice'),(215,1865631988,66,'RandomChoice'),(216,1865631988,67,'RandomChoice'),(217,1865631988,68,'RandomChoice'),(218,1865631988,69,'RandomChoice'),(219,1865631988,70,'RandomChoice'),(220,1865631988,71,'RandomChoice'),(221,1865631988,72,'RandomChoice'),(222,1865631988,73,'RandomChoice'),(223,1865631988,74,'RandomChoice'),(224,1865631988,75,'RandomChoice'),(225,1865631988,76,'RandomChoice'),(226,1865631988,77,'RandomChoice'),(227,1865631988,78,'RandomChoice'),(228,1865631988,79,'RandomChoice'),(229,1865631988,2,'RandomMovement'),(230,1865631988,3,'RandomMovement'),(231,1865631988,4,'RandomMovement'),(232,1865631988,5,'RandomMovement'),(233,1865631988,6,'RandomMovement'),(234,1865631988,7,'RandomMovement'),(235,1865631988,8,'RandomMovement'),(236,1865631988,9,'RandomMovement'),(237,1865631988,10,'RandomMovement'),(238,1865631988,11,'RandomMovement'),(239,1865631988,12,'RandomMovement'),(240,1865631988,13,'RandomMovement'),(241,1865631988,14,'RandomMovement'),(242,1865631988,15,'RandomMovement'),(243,1865631988,16,'RandomMovement'),(244,1865631988,17,'RandomMovement'),(245,1865631988,18,'RandomMovement'),(246,1865631988,19,'RandomMovement'),(247,1865631988,20,'RandomMovement'),(248,1865631988,21,'RandomMovement'),(249,1865631988,22,'RandomMovement'),(250,1865631988,23,'RandomMovement'),(251,1865631988,24,'RandomMovement'),(252,1865631988,25,'RandomMovement'),(253,1865631988,26,'RandomMovement'),(254,1865631988,27,'RandomMovement'),(255,1865631988,28,'RandomMovement'),(256,1865631988,29,'RandomMovement'),(257,1865631988,30,'RandomMovement'),(258,1865631988,31,'RandomMovement'),(259,1865631988,32,'RandomMovement'),(260,1865631988,33,'RandomMovement'),(261,1865631988,34,'RandomMovement'),(262,1865631988,35,'RandomMovement'),(263,1865631988,36,'RandomMovement'),(264,1865631988,37,'RandomMovement'),(265,1865631988,38,'RandomMovement'),(266,1865631988,39,'RandomMovement'),(267,1865631988,40,'RandomMovement'),(268,1865631988,41,'RandomMovement'),(269,1865631988,42,'RandomMovement'),(270,1865631988,44,'RandomMovement'),(271,1865631988,45,'RandomMovement'),(272,1865631988,46,'RandomMovement'),(273,1865631988,47,'RandomMovement'),(274,1865631988,48,'RandomMovement'),(275,1865631988,49,'RandomMovement'),(276,1865631988,50,'RandomMovement'),(277,1865631988,51,'RandomMovement'),(278,1865631988,52,'RandomMovement'),(279,1865631988,53,'RandomMovement'),(280,1865631988,54,'RandomMovement'),(281,1865631988,55,'RandomMovement'),(282,1865631988,56,'RandomMovement'),(283,1865631988,57,'RandomMovement'),(284,1865631988,58,'RandomMovement'),(285,1865631988,59,'RandomMovement'),(286,1865631988,60,'RandomMovement'),(287,1865631988,61,'RandomMovement'),(288,1865631988,62,'RandomMovement'),(289,1865631988,63,'RandomMovement'),(290,1865631988,65,'RandomMovement'),(291,1865631988,66,'RandomMovement'),(292,1865631988,67,'RandomMovement'),(293,1865631988,68,'RandomMovement'),(294,1865631988,69,'RandomMovement'),(295,1865631988,70,'RandomMovement'),(296,1865631988,71,'RandomMovement'),(297,1865631988,72,'RandomMovement'),(298,1865631988,73,'RandomMovement'),(299,1865631988,74,'RandomMovement'),(300,1865631988,75,'RandomMovement'),(301,1865631988,76,'RandomMovement'),(302,1865631988,77,'RandomMovement'),(303,1865631988,78,'RandomMovement'),(304,1865631988,79,'RandomMovement'),(305,946857454,2,'BasicBrain'),(306,946857454,3,'BasicBrain'),(307,946857454,4,'BasicBrain'),(308,946857454,5,'BasicBrain'),(309,946857454,6,'BasicBrain'),(310,946857454,7,'BasicBrain'),(311,946857454,8,'BasicBrain'),(312,946857454,9,'BasicBrain'),(313,946857454,10,'BasicBrain'),(314,946857454,11,'BasicBrain'),(315,946857454,12,'BasicBrain'),(316,946857454,13,'BasicBrain'),(317,946857454,14,'BasicBrain'),(318,946857454,15,'BasicBrain'),(319,946857454,16,'BasicBrain'),(320,946857454,17,'BasicBrain'),(321,946857454,18,'BasicBrain'),(322,946857454,19,'BasicBrain'),(323,946857454,20,'BasicBrain'),(324,946857454,21,'BasicBrain'),(325,946857454,22,'BasicBrain'),(326,946857454,23,'BasicBrain'),(327,946857454,24,'BasicBrain'),(328,946857454,25,'BasicBrain'),(329,946857454,26,'BasicBrain'),(330,946857454,27,'BasicBrain'),(331,946857454,28,'BasicBrain'),(332,946857454,29,'BasicBrain'),(333,946857454,30,'BasicBrain'),(334,946857454,31,'BasicBrain'),(335,946857454,32,'BasicBrain'),(336,946857454,33,'BasicBrain'),(337,946857454,34,'BasicBrain'),(338,946857454,35,'BasicBrain'),(339,946857454,36,'BasicBrain'),(340,946857454,37,'BasicBrain'),(341,946857454,38,'BasicBrain'),(342,946857454,39,'BasicBrain'),(343,946857454,40,'BasicBrain'),(344,946857454,41,'BasicBrain'),(345,946857454,42,'BasicBrain'),(346,946857454,44,'BasicBrain'),(347,946857454,45,'BasicBrain'),(348,946857454,46,'BasicBrain'),(349,946857454,47,'BasicBrain'),(350,946857454,48,'BasicBrain'),(351,946857454,49,'BasicBrain'),(352,946857454,50,'BasicBrain'),(353,946857454,51,'BasicBrain'),(354,946857454,52,'BasicBrain'),(355,946857454,53,'BasicBrain'),(356,946857454,54,'BasicBrain'),(357,946857454,55,'BasicBrain'),(358,946857454,56,'BasicBrain'),(359,946857454,57,'BasicBrain'),(360,946857454,58,'BasicBrain'),(361,946857454,59,'BasicBrain'),(362,946857454,60,'BasicBrain'),(363,946857454,61,'BasicBrain'),(364,946857454,62,'BasicBrain'),(365,946857454,63,'BasicBrain'),(366,946857454,65,'BasicBrain'),(367,946857454,66,'BasicBrain'),(368,946857454,67,'BasicBrain'),(369,946857454,68,'BasicBrain'),(370,946857454,69,'BasicBrain'),(371,946857454,70,'BasicBrain'),(372,946857454,71,'BasicBrain'),(373,946857454,72,'BasicBrain'),(374,946857454,73,'BasicBrain'),(375,946857454,74,'BasicBrain'),(376,946857454,75,'BasicBrain'),(377,946857454,76,'BasicBrain'),(378,946857454,77,'BasicBrain'),(379,946857454,78,'BasicBrain'),(380,946857454,79,'BasicBrain'),(381,946857454,2,'ConservativeBrain'),(382,946857454,3,'ConservativeBrain'),(383,946857454,4,'ConservativeBrain'),(384,946857454,5,'ConservativeBrain'),(385,946857454,6,'ConservativeBrain'),(386,946857454,7,'ConservativeBrain'),(387,946857454,8,'ConservativeBrain'),(388,946857454,9,'ConservativeBrain'),(389,946857454,10,'ConservativeBrain'),(390,946857454,11,'ConservativeBrain'),(391,946857454,12,'ConservativeBrain'),(392,946857454,13,'ConservativeBrain'),(393,946857454,14,'ConservativeBrain'),(394,946857454,15,'ConservativeBrain'),(395,946857454,16,'ConservativeBrain'),(396,946857454,17,'ConservativeBrain'),(397,946857454,18,'ConservativeBrain'),(398,946857454,19,'ConservativeBrain'),(399,946857454,20,'ConservativeBrain'),(400,946857454,21,'ConservativeBrain'),(401,946857454,22,'ConservativeBrain'),(402,946857454,23,'ConservativeBrain'),(403,946857454,24,'ConservativeBrain'),(404,946857454,25,'ConservativeBrain'),(405,946857454,26,'ConservativeBrain'),(406,946857454,27,'ConservativeBrain'),(407,946857454,28,'ConservativeBrain'),(408,946857454,29,'ConservativeBrain'),(409,946857454,30,'ConservativeBrain'),(410,946857454,31,'ConservativeBrain'),(411,946857454,32,'ConservativeBrain'),(412,946857454,33,'ConservativeBrain'),(413,946857454,34,'ConservativeBrain'),(414,946857454,35,'ConservativeBrain'),(415,946857454,36,'ConservativeBrain'),(416,946857454,37,'ConservativeBrain'),(417,946857454,38,'ConservativeBrain'),(418,946857454,39,'ConservativeBrain'),(419,946857454,40,'ConservativeBrain'),(420,946857454,41,'ConservativeBrain'),(421,946857454,42,'ConservativeBrain'),(422,946857454,44,'ConservativeBrain'),(423,946857454,45,'ConservativeBrain'),(424,946857454,46,'ConservativeBrain'),(425,946857454,47,'ConservativeBrain'),(426,946857454,48,'ConservativeBrain'),(427,946857454,49,'ConservativeBrain'),(428,946857454,50,'ConservativeBrain'),(429,946857454,51,'ConservativeBrain'),(430,946857454,52,'ConservativeBrain'),(431,946857454,53,'ConservativeBrain'),(432,946857454,54,'ConservativeBrain'),(433,946857454,55,'ConservativeBrain'),(434,946857454,56,'ConservativeBrain'),(435,946857454,57,'ConservativeBrain'),(436,946857454,58,'ConservativeBrain'),(437,946857454,59,'ConservativeBrain'),(438,946857454,60,'ConservativeBrain'),(439,946857454,61,'ConservativeBrain'),(440,946857454,62,'ConservativeBrain'),(441,946857454,63,'ConservativeBrain'),(442,946857454,65,'ConservativeBrain'),(443,946857454,66,'ConservativeBrain'),(444,946857454,67,'ConservativeBrain'),(445,946857454,68,'ConservativeBrain'),(446,946857454,69,'ConservativeBrain'),(447,946857454,70,'ConservativeBrain'),(448,946857454,71,'ConservativeBrain'),(449,946857454,72,'ConservativeBrain'),(450,946857454,73,'ConservativeBrain'),(451,946857454,74,'ConservativeBrain'),(452,946857454,75,'ConservativeBrain'),(453,946857454,76,'ConservativeBrain'),(454,946857454,77,'ConservativeBrain'),(455,946857454,78,'ConservativeBrain'),(456,946857454,79,'ConservativeBrain'),(457,946857454,2,'RandomChoice'),(458,946857454,3,'RandomChoice'),(459,946857454,4,'RandomChoice'),(460,946857454,5,'RandomChoice'),(461,946857454,6,'RandomChoice'),(462,946857454,7,'RandomChoice'),(463,946857454,8,'RandomChoice'),(464,946857454,9,'RandomChoice'),(465,946857454,10,'RandomChoice'),(466,946857454,11,'RandomChoice'),(467,946857454,12,'RandomChoice'),(468,946857454,13,'RandomChoice'),(469,946857454,14,'RandomChoice'),(470,946857454,15,'RandomChoice'),(471,946857454,16,'RandomChoice'),(472,946857454,17,'RandomChoice'),(473,946857454,18,'RandomChoice'),(474,946857454,19,'RandomChoice'),(475,946857454,20,'RandomChoice'),(476,946857454,21,'RandomChoice'),(477,946857454,22,'RandomChoice'),(478,946857454,23,'RandomChoice'),(479,946857454,24,'RandomChoice'),(480,946857454,25,'RandomChoice'),(481,946857454,26,'RandomChoice'),(482,946857454,27,'RandomChoice'),(483,946857454,28,'RandomChoice'),(484,946857454,29,'RandomChoice'),(485,946857454,30,'RandomChoice'),(486,946857454,31,'RandomChoice'),(487,946857454,32,'RandomChoice'),(488,946857454,33,'RandomChoice'),(489,946857454,34,'RandomChoice'),(490,946857454,35,'RandomChoice'),(491,946857454,36,'RandomChoice'),(492,946857454,37,'RandomChoice'),(493,946857454,38,'RandomChoice'),(494,946857454,39,'RandomChoice'),(495,946857454,40,'RandomChoice'),(496,946857454,41,'RandomChoice'),(497,946857454,42,'RandomChoice'),(498,946857454,44,'RandomChoice'),(499,946857454,45,'RandomChoice'),(500,946857454,46,'RandomChoice'),(501,946857454,47,'RandomChoice'),(502,946857454,48,'RandomChoice'),(503,946857454,49,'RandomChoice'),(504,946857454,50,'RandomChoice'),(505,946857454,51,'RandomChoice'),(506,946857454,52,'RandomChoice'),(507,946857454,53,'RandomChoice'),(508,946857454,54,'RandomChoice'),(509,946857454,55,'RandomChoice'),(510,946857454,56,'RandomChoice'),(511,946857454,57,'RandomChoice'),(512,946857454,58,'RandomChoice'),(513,946857454,59,'RandomChoice'),(514,946857454,60,'RandomChoice'),(515,946857454,61,'RandomChoice'),(516,946857454,62,'RandomChoice'),(517,946857454,63,'RandomChoice'),(518,946857454,65,'RandomChoice'),(519,946857454,66,'RandomChoice'),(520,946857454,67,'RandomChoice'),(521,946857454,68,'RandomChoice'),(522,946857454,69,'RandomChoice'),(523,946857454,70,'RandomChoice'),(524,946857454,71,'RandomChoice'),(525,946857454,72,'RandomChoice'),(526,946857454,73,'RandomChoice'),(527,946857454,74,'RandomChoice'),(528,946857454,75,'RandomChoice'),(529,946857454,76,'RandomChoice'),(530,946857454,77,'RandomChoice'),(531,946857454,78,'RandomChoice'),(532,946857454,79,'RandomChoice'),(533,946857454,2,'RandomMovement'),(534,946857454,3,'RandomMovement'),(535,946857454,4,'RandomMovement'),(536,946857454,5,'RandomMovement'),(537,946857454,6,'RandomMovement'),(538,946857454,7,'RandomMovement'),(539,946857454,8,'RandomMovement'),(540,946857454,9,'RandomMovement'),(541,946857454,10,'RandomMovement'),(542,946857454,11,'RandomMovement'),(543,946857454,12,'RandomMovement'),(544,946857454,13,'RandomMovement'),(545,946857454,14,'RandomMovement'),(546,946857454,15,'RandomMovement'),(547,946857454,16,'RandomMovement'),(548,946857454,17,'RandomMovement'),(549,946857454,18,'RandomMovement'),(550,946857454,19,'RandomMovement'),(551,946857454,20,'RandomMovement'),(552,946857454,21,'RandomMovement'),(553,946857454,22,'RandomMovement'),(554,946857454,23,'RandomMovement'),(555,946857454,24,'RandomMovement'),(556,946857454,25,'RandomMovement'),(557,946857454,26,'RandomMovement'),(558,946857454,27,'RandomMovement'),(559,946857454,28,'RandomMovement'),(560,946857454,29,'RandomMovement'),(561,946857454,30,'RandomMovement'),(562,946857454,31,'RandomMovement'),(563,946857454,32,'RandomMovement'),(564,946857454,33,'RandomMovement'),(565,946857454,34,'RandomMovement'),(566,946857454,35,'RandomMovement'),(567,946857454,36,'RandomMovement'),(568,946857454,37,'RandomMovement'),(569,946857454,38,'RandomMovement'),(570,946857454,39,'RandomMovement'),(571,946857454,40,'RandomMovement'),(572,946857454,41,'RandomMovement'),(573,946857454,42,'RandomMovement'),(574,946857454,44,'RandomMovement'),(575,946857454,45,'RandomMovement'),(576,946857454,46,'RandomMovement'),(577,946857454,47,'RandomMovement'),(578,946857454,48,'RandomMovement'),(579,946857454,49,'RandomMovement'),(580,946857454,50,'RandomMovement'),(581,946857454,51,'RandomMovement'),(582,946857454,52,'RandomMovement'),(583,946857454,53,'RandomMovement'),(584,946857454,54,'RandomMovement'),(585,946857454,55,'RandomMovement'),(586,946857454,56,'RandomMovement'),(587,946857454,57,'RandomMovement'),(588,946857454,58,'RandomMovement'),(589,946857454,59,'RandomMovement'),(590,946857454,60,'RandomMovement'),(591,946857454,61,'RandomMovement'),(592,946857454,62,'RandomMovement'),(593,946857454,63,'RandomMovement'),(594,946857454,65,'RandomMovement'),(595,946857454,66,'RandomMovement'),(596,946857454,67,'RandomMovement'),(597,946857454,68,'RandomMovement'),(598,946857454,69,'RandomMovement'),(599,946857454,70,'RandomMovement'),(600,946857454,71,'RandomMovement'),(601,946857454,72,'RandomMovement'),(602,946857454,73,'RandomMovement'),(603,946857454,74,'RandomMovement'),(604,946857454,75,'RandomMovement'),(605,946857454,76,'RandomMovement'),(606,946857454,77,'RandomMovement'),(607,946857454,78,'RandomMovement'),(608,946857454,79,'RandomMovement'),(609,873558938,2,'BasicBrain'),(610,873558938,3,'BasicBrain'),(611,873558938,4,'BasicBrain'),(612,873558938,5,'BasicBrain'),(613,873558938,6,'BasicBrain'),(614,873558938,7,'BasicBrain'),(615,873558938,8,'BasicBrain'),(616,873558938,9,'BasicBrain'),(617,873558938,10,'BasicBrain'),(618,873558938,11,'BasicBrain'),(619,873558938,12,'BasicBrain'),(620,873558938,13,'BasicBrain'),(621,873558938,14,'BasicBrain'),(622,873558938,15,'BasicBrain'),(623,873558938,16,'BasicBrain'),(624,873558938,17,'BasicBrain'),(625,873558938,18,'BasicBrain'),(626,873558938,19,'BasicBrain'),(627,873558938,20,'BasicBrain'),(628,873558938,21,'BasicBrain'),(629,873558938,22,'BasicBrain'),(630,873558938,23,'BasicBrain'),(631,873558938,24,'BasicBrain'),(632,873558938,25,'BasicBrain'),(633,873558938,26,'BasicBrain'),(634,873558938,27,'BasicBrain'),(635,873558938,28,'BasicBrain'),(636,873558938,29,'BasicBrain'),(637,873558938,30,'BasicBrain'),(638,873558938,31,'BasicBrain'),(639,873558938,32,'BasicBrain'),(640,873558938,33,'BasicBrain'),(641,873558938,34,'BasicBrain'),(642,873558938,35,'BasicBrain'),(643,873558938,36,'BasicBrain'),(644,873558938,37,'BasicBrain'),(645,873558938,38,'BasicBrain'),(646,873558938,39,'BasicBrain'),(647,873558938,40,'BasicBrain'),(648,873558938,41,'BasicBrain'),(649,873558938,42,'BasicBrain'),(650,873558938,44,'BasicBrain'),(651,873558938,45,'BasicBrain'),(652,873558938,46,'BasicBrain'),(653,873558938,47,'BasicBrain'),(654,873558938,48,'BasicBrain'),(655,873558938,49,'BasicBrain'),(656,873558938,50,'BasicBrain'),(657,873558938,51,'BasicBrain'),(658,873558938,52,'BasicBrain'),(659,873558938,53,'BasicBrain'),(660,873558938,54,'BasicBrain'),(661,873558938,55,'BasicBrain'),(662,873558938,56,'BasicBrain'),(663,873558938,57,'BasicBrain'),(664,873558938,58,'BasicBrain'),(665,873558938,59,'BasicBrain'),(666,873558938,60,'BasicBrain'),(667,873558938,61,'BasicBrain'),(668,873558938,62,'BasicBrain'),(669,873558938,63,'BasicBrain'),(670,873558938,65,'BasicBrain'),(671,873558938,66,'BasicBrain'),(672,873558938,67,'BasicBrain'),(673,873558938,68,'BasicBrain'),(674,873558938,69,'BasicBrain'),(675,873558938,70,'BasicBrain'),(676,873558938,71,'BasicBrain'),(677,873558938,72,'BasicBrain'),(678,873558938,73,'BasicBrain'),(679,873558938,74,'BasicBrain'),(680,873558938,75,'BasicBrain'),(681,873558938,76,'BasicBrain'),(682,873558938,77,'BasicBrain'),(683,873558938,78,'BasicBrain'),(684,873558938,79,'BasicBrain'),(685,873558938,2,'ConservativeBrain'),(686,873558938,3,'ConservativeBrain'),(687,873558938,4,'ConservativeBrain'),(688,873558938,5,'ConservativeBrain'),(689,873558938,6,'ConservativeBrain'),(690,873558938,7,'ConservativeBrain'),(691,873558938,8,'ConservativeBrain'),(692,873558938,9,'ConservativeBrain'),(693,873558938,10,'ConservativeBrain'),(694,873558938,11,'ConservativeBrain'),(695,873558938,12,'ConservativeBrain'),(696,873558938,13,'ConservativeBrain'),(697,873558938,14,'ConservativeBrain'),(698,873558938,15,'ConservativeBrain'),(699,873558938,16,'ConservativeBrain'),(700,873558938,17,'ConservativeBrain'),(701,873558938,18,'ConservativeBrain'),(702,873558938,19,'ConservativeBrain'),(703,873558938,20,'ConservativeBrain'),(704,873558938,21,'ConservativeBrain'),(705,873558938,22,'ConservativeBrain'),(706,873558938,23,'ConservativeBrain'),(707,873558938,24,'ConservativeBrain'),(708,873558938,25,'ConservativeBrain'),(709,873558938,26,'ConservativeBrain'),(710,873558938,27,'ConservativeBrain'),(711,873558938,28,'ConservativeBrain'),(712,873558938,29,'ConservativeBrain'),(713,873558938,30,'ConservativeBrain'),(714,873558938,31,'ConservativeBrain'),(715,873558938,32,'ConservativeBrain'),(716,873558938,33,'ConservativeBrain'),(717,873558938,34,'ConservativeBrain'),(718,873558938,35,'ConservativeBrain'),(719,873558938,36,'ConservativeBrain'),(720,873558938,37,'ConservativeBrain'),(721,873558938,38,'ConservativeBrain'),(722,873558938,39,'ConservativeBrain'),(723,873558938,40,'ConservativeBrain'),(724,873558938,41,'ConservativeBrain'),(725,873558938,42,'ConservativeBrain'),(726,873558938,44,'ConservativeBrain'),(727,873558938,45,'ConservativeBrain'),(728,873558938,46,'ConservativeBrain'),(729,873558938,47,'ConservativeBrain'),(730,873558938,48,'ConservativeBrain'),(731,873558938,49,'ConservativeBrain'),(732,873558938,50,'ConservativeBrain'),(733,873558938,51,'ConservativeBrain'),(734,873558938,52,'ConservativeBrain'),(735,873558938,53,'ConservativeBrain'),(736,873558938,54,'ConservativeBrain'),(737,873558938,55,'ConservativeBrain'),(738,873558938,56,'ConservativeBrain'),(739,873558938,57,'ConservativeBrain'),(740,873558938,58,'ConservativeBrain'),(741,873558938,59,'ConservativeBrain'),(742,873558938,60,'ConservativeBrain'),(743,873558938,61,'ConservativeBrain'),(744,873558938,62,'ConservativeBrain'),(745,873558938,63,'ConservativeBrain'),(746,873558938,65,'ConservativeBrain'),(747,873558938,66,'ConservativeBrain'),(748,873558938,67,'ConservativeBrain'),(749,873558938,68,'ConservativeBrain'),(750,873558938,69,'ConservativeBrain'),(751,873558938,70,'ConservativeBrain'),(752,873558938,71,'ConservativeBrain'),(753,873558938,72,'ConservativeBrain'),(754,873558938,73,'ConservativeBrain'),(755,873558938,74,'ConservativeBrain'),(756,873558938,75,'ConservativeBrain'),(757,873558938,76,'ConservativeBrain'),(758,873558938,77,'ConservativeBrain'),(759,873558938,78,'ConservativeBrain'),(760,873558938,79,'ConservativeBrain'),(761,873558938,2,'RandomChoice'),(762,873558938,3,'RandomChoice'),(763,873558938,4,'RandomChoice'),(764,873558938,5,'RandomChoice'),(765,873558938,6,'RandomChoice'),(766,873558938,7,'RandomChoice'),(767,873558938,8,'RandomChoice'),(768,873558938,9,'RandomChoice'),(769,873558938,10,'RandomChoice'),(770,873558938,11,'RandomChoice'),(771,873558938,12,'RandomChoice'),(772,873558938,13,'RandomChoice'),(773,873558938,14,'RandomChoice'),(774,873558938,15,'RandomChoice'),(775,873558938,16,'RandomChoice'),(776,873558938,17,'RandomChoice'),(777,873558938,18,'RandomChoice'),(778,873558938,19,'RandomChoice'),(779,873558938,20,'RandomChoice'),(780,873558938,21,'RandomChoice'),(781,873558938,22,'RandomChoice'),(782,873558938,23,'RandomChoice'),(783,873558938,24,'RandomChoice'),(784,873558938,25,'RandomChoice'),(785,873558938,26,'RandomChoice'),(786,873558938,27,'RandomChoice'),(787,873558938,28,'RandomChoice'),(788,873558938,29,'RandomChoice'),(789,873558938,30,'RandomChoice'),(790,873558938,31,'RandomChoice'),(791,873558938,32,'RandomChoice'),(792,873558938,33,'RandomChoice'),(793,873558938,34,'RandomChoice'),(794,873558938,35,'RandomChoice'),(795,873558938,36,'RandomChoice'),(796,873558938,37,'RandomChoice'),(797,873558938,38,'RandomChoice'),(798,873558938,39,'RandomChoice'),(799,873558938,40,'RandomChoice'),(800,873558938,41,'RandomChoice'),(801,873558938,42,'RandomChoice'),(802,873558938,44,'RandomChoice'),(803,873558938,45,'RandomChoice'),(804,873558938,46,'RandomChoice'),(805,873558938,47,'RandomChoice'),(806,873558938,48,'RandomChoice'),(807,873558938,49,'RandomChoice'),(808,873558938,50,'RandomChoice'),(809,873558938,51,'RandomChoice'),(810,873558938,52,'RandomChoice'),(811,873558938,53,'RandomChoice'),(812,873558938,54,'RandomChoice'),(813,873558938,55,'RandomChoice'),(814,873558938,56,'RandomChoice'),(815,873558938,57,'RandomChoice'),(816,873558938,58,'RandomChoice'),(817,873558938,59,'RandomChoice'),(818,873558938,60,'RandomChoice'),(819,873558938,61,'RandomChoice'),(820,873558938,62,'RandomChoice'),(821,873558938,63,'RandomChoice'),(822,873558938,65,'RandomChoice'),(823,873558938,66,'RandomChoice'),(824,873558938,67,'RandomChoice'),(825,873558938,68,'RandomChoice'),(826,873558938,69,'RandomChoice'),(827,873558938,70,'RandomChoice'),(828,873558938,71,'RandomChoice'),(829,873558938,72,'RandomChoice'),(830,873558938,73,'RandomChoice'),(831,873558938,74,'RandomChoice'),(832,873558938,75,'RandomChoice'),(833,873558938,76,'RandomChoice'),(834,873558938,77,'RandomChoice'),(835,873558938,78,'RandomChoice'),(836,873558938,79,'RandomChoice'),(837,873558938,2,'RandomMovement'),(838,873558938,3,'RandomMovement'),(839,873558938,4,'RandomMovement'),(840,873558938,5,'RandomMovement'),(841,873558938,6,'RandomMovement'),(842,873558938,7,'RandomMovement'),(843,873558938,8,'RandomMovement'),(844,873558938,9,'RandomMovement'),(845,873558938,10,'RandomMovement'),(846,873558938,11,'RandomMovement'),(847,873558938,12,'RandomMovement'),(848,873558938,13,'RandomMovement'),(849,873558938,14,'RandomMovement'),(850,873558938,15,'RandomMovement'),(851,873558938,16,'RandomMovement'),(852,873558938,17,'RandomMovement'),(853,873558938,18,'RandomMovement'),(854,873558938,19,'RandomMovement'),(855,873558938,20,'RandomMovement'),(856,873558938,21,'RandomMovement'),(857,873558938,22,'RandomMovement'),(858,873558938,23,'RandomMovement'),(859,873558938,24,'RandomMovement'),(860,873558938,25,'RandomMovement'),(861,873558938,26,'RandomMovement'),(862,873558938,27,'RandomMovement'),(863,873558938,28,'RandomMovement'),(864,873558938,29,'RandomMovement'),(865,873558938,30,'RandomMovement'),(866,873558938,31,'RandomMovement'),(867,873558938,32,'RandomMovement'),(868,873558938,33,'RandomMovement'),(869,873558938,34,'RandomMovement'),(870,873558938,35,'RandomMovement'),(871,873558938,36,'RandomMovement'),(872,873558938,37,'RandomMovement'),(873,873558938,38,'RandomMovement'),(874,873558938,39,'RandomMovement'),(875,873558938,40,'RandomMovement'),(876,873558938,41,'RandomMovement'),(877,873558938,42,'RandomMovement'),(878,873558938,44,'RandomMovement'),(879,873558938,45,'RandomMovement'),(880,873558938,46,'RandomMovement'),(881,873558938,47,'RandomMovement'),(882,873558938,48,'RandomMovement'),(883,873558938,49,'RandomMovement'),(884,873558938,50,'RandomMovement'),(885,873558938,51,'RandomMovement'),(886,873558938,52,'RandomMovement'),(887,873558938,53,'RandomMovement'),(888,873558938,54,'RandomMovement'),(889,873558938,55,'RandomMovement'),(890,873558938,56,'RandomMovement'),(891,873558938,57,'RandomMovement'),(892,873558938,58,'RandomMovement'),(893,873558938,59,'RandomMovement'),(894,873558938,60,'RandomMovement'),(895,873558938,61,'RandomMovement'),(896,873558938,62,'RandomMovement'),(897,873558938,63,'RandomMovement'),(898,873558938,65,'RandomMovement'),(899,873558938,66,'RandomMovement'),(900,873558938,67,'RandomMovement'),(901,873558938,68,'RandomMovement'),(902,873558938,69,'RandomMovement'),(903,873558938,70,'RandomMovement'),(904,873558938,71,'RandomMovement'),(905,873558938,72,'RandomMovement'),(906,873558938,73,'RandomMovement'),(907,873558938,74,'RandomMovement'),(908,873558938,75,'RandomMovement'),(909,873558938,76,'RandomMovement'),(910,873558938,77,'RandomMovement'),(911,873558938,78,'RandomMovement'),(912,873558938,79,'RandomMovement'),(913,291889919,2,'BasicBrain'),(914,291889919,3,'BasicBrain'),(915,291889919,4,'BasicBrain'),(916,291889919,5,'BasicBrain'),(917,291889919,6,'BasicBrain'),(918,291889919,7,'BasicBrain'),(919,291889919,8,'BasicBrain'),(920,291889919,9,'BasicBrain'),(921,291889919,10,'BasicBrain'),(922,291889919,11,'BasicBrain'),(923,291889919,12,'BasicBrain'),(924,291889919,13,'BasicBrain'),(925,291889919,14,'BasicBrain'),(926,291889919,15,'BasicBrain'),(927,291889919,16,'BasicBrain'),(928,291889919,17,'BasicBrain'),(929,291889919,18,'BasicBrain'),(930,291889919,19,'BasicBrain'),(931,291889919,20,'BasicBrain'),(932,291889919,21,'BasicBrain'),(933,291889919,22,'BasicBrain'),(934,291889919,23,'BasicBrain'),(935,291889919,24,'BasicBrain'),(936,291889919,25,'BasicBrain'),(937,291889919,26,'BasicBrain'),(938,291889919,27,'BasicBrain'),(939,291889919,28,'BasicBrain'),(940,291889919,29,'BasicBrain'),(941,291889919,30,'BasicBrain'),(942,291889919,31,'BasicBrain'),(943,291889919,32,'BasicBrain'),(944,291889919,33,'BasicBrain'),(945,291889919,34,'BasicBrain'),(946,291889919,35,'BasicBrain'),(947,291889919,36,'BasicBrain'),(948,291889919,37,'BasicBrain'),(949,291889919,38,'BasicBrain'),(950,291889919,39,'BasicBrain'),(951,291889919,40,'BasicBrain'),(952,291889919,41,'BasicBrain'),(953,291889919,42,'BasicBrain'),(954,291889919,44,'BasicBrain'),(955,291889919,45,'BasicBrain'),(956,291889919,46,'BasicBrain'),(957,291889919,47,'BasicBrain'),(958,291889919,48,'BasicBrain'),(959,291889919,49,'BasicBrain'),(960,291889919,50,'BasicBrain'),(961,291889919,51,'BasicBrain'),(962,291889919,52,'BasicBrain'),(963,291889919,53,'BasicBrain'),(964,291889919,54,'BasicBrain'),(965,291889919,55,'BasicBrain'),(966,291889919,56,'BasicBrain'),(967,291889919,57,'BasicBrain'),(968,291889919,58,'BasicBrain'),(969,291889919,59,'BasicBrain'),(970,291889919,60,'BasicBrain'),(971,291889919,61,'BasicBrain'),(972,291889919,62,'BasicBrain'),(973,291889919,63,'BasicBrain'),(974,291889919,65,'BasicBrain'),(975,291889919,66,'BasicBrain'),(976,291889919,67,'BasicBrain'),(977,291889919,68,'BasicBrain'),(978,291889919,69,'BasicBrain'),(979,291889919,70,'BasicBrain'),(980,291889919,71,'BasicBrain'),(981,291889919,72,'BasicBrain'),(982,291889919,73,'BasicBrain'),(983,291889919,74,'BasicBrain'),(984,291889919,75,'BasicBrain'),(985,291889919,76,'BasicBrain'),(986,291889919,77,'BasicBrain'),(987,291889919,78,'BasicBrain'),(988,291889919,79,'BasicBrain'),(989,291889919,2,'ConservativeBrain'),(990,291889919,3,'ConservativeBrain'),(991,291889919,4,'ConservativeBrain'),(992,291889919,5,'ConservativeBrain'),(993,291889919,6,'ConservativeBrain'),(994,291889919,7,'ConservativeBrain'),(995,291889919,8,'ConservativeBrain'),(996,291889919,9,'ConservativeBrain'),(997,291889919,10,'ConservativeBrain'),(998,291889919,11,'ConservativeBrain'),(999,291889919,12,'ConservativeBrain'),(1000,291889919,13,'ConservativeBrain'),(1001,291889919,14,'ConservativeBrain'),(1002,291889919,15,'ConservativeBrain'),(1003,291889919,16,'ConservativeBrain'),(1004,291889919,17,'ConservativeBrain'),(1005,291889919,18,'ConservativeBrain'),(1006,291889919,19,'ConservativeBrain'),(1007,291889919,20,'ConservativeBrain'),(1008,291889919,21,'ConservativeBrain'),(1009,291889919,22,'ConservativeBrain'),(1010,291889919,23,'ConservativeBrain'),(1011,291889919,24,'ConservativeBrain'),(1012,291889919,25,'ConservativeBrain'),(1013,291889919,26,'ConservativeBrain'),(1014,291889919,27,'ConservativeBrain'),(1015,291889919,28,'ConservativeBrain'),(1016,291889919,29,'ConservativeBrain'),(1017,291889919,30,'ConservativeBrain'),(1018,291889919,31,'ConservativeBrain'),(1019,291889919,32,'ConservativeBrain'),(1020,291889919,33,'ConservativeBrain'),(1021,291889919,34,'ConservativeBrain'),(1022,291889919,35,'ConservativeBrain'),(1023,291889919,36,'ConservativeBrain'),(1024,291889919,37,'ConservativeBrain'),(1025,291889919,38,'ConservativeBrain'),(1026,291889919,39,'ConservativeBrain'),(1027,291889919,40,'ConservativeBrain'),(1028,291889919,41,'ConservativeBrain'),(1029,291889919,42,'ConservativeBrain'),(1030,291889919,44,'ConservativeBrain'),(1031,291889919,45,'ConservativeBrain'),(1032,291889919,46,'ConservativeBrain'),(1033,291889919,47,'ConservativeBrain'),(1034,291889919,48,'ConservativeBrain'),(1035,291889919,49,'ConservativeBrain'),(1036,291889919,50,'ConservativeBrain'),(1037,291889919,51,'ConservativeBrain'),(1038,291889919,52,'ConservativeBrain'),(1039,291889919,53,'ConservativeBrain'),(1040,291889919,54,'ConservativeBrain'),(1041,291889919,55,'ConservativeBrain'),(1042,291889919,56,'ConservativeBrain'),(1043,291889919,57,'ConservativeBrain'),(1044,291889919,58,'ConservativeBrain'),(1045,291889919,59,'ConservativeBrain'),(1046,291889919,60,'ConservativeBrain'),(1047,291889919,61,'ConservativeBrain'),(1048,291889919,62,'ConservativeBrain'),(1049,291889919,63,'ConservativeBrain'),(1050,291889919,65,'ConservativeBrain'),(1051,291889919,66,'ConservativeBrain'),(1052,291889919,67,'ConservativeBrain'),(1053,291889919,68,'ConservativeBrain'),(1054,291889919,69,'ConservativeBrain'),(1055,291889919,70,'ConservativeBrain'),(1056,291889919,71,'ConservativeBrain'),(1057,291889919,72,'ConservativeBrain'),(1058,291889919,73,'ConservativeBrain'),(1059,291889919,74,'ConservativeBrain'),(1060,291889919,75,'ConservativeBrain'),(1061,291889919,76,'ConservativeBrain'),(1062,291889919,77,'ConservativeBrain'),(1063,291889919,78,'ConservativeBrain'),(1064,291889919,79,'ConservativeBrain'),(1065,291889919,2,'RandomChoice'),(1066,291889919,3,'RandomChoice'),(1067,291889919,4,'RandomChoice'),(1068,291889919,5,'RandomChoice'),(1069,291889919,6,'RandomChoice'),(1070,291889919,7,'RandomChoice'),(1071,291889919,8,'RandomChoice'),(1072,291889919,9,'RandomChoice'),(1073,291889919,10,'RandomChoice'),(1074,291889919,11,'RandomChoice'),(1075,291889919,12,'RandomChoice'),(1076,291889919,13,'RandomChoice'),(1077,291889919,14,'RandomChoice'),(1078,291889919,15,'RandomChoice'),(1079,291889919,16,'RandomChoice'),(1080,291889919,17,'RandomChoice'),(1081,291889919,18,'RandomChoice'),(1082,291889919,19,'RandomChoice'),(1083,291889919,20,'RandomChoice'),(1084,291889919,21,'RandomChoice'),(1085,291889919,22,'RandomChoice'),(1086,291889919,23,'RandomChoice'),(1087,291889919,24,'RandomChoice'),(1088,291889919,25,'RandomChoice'),(1089,291889919,26,'RandomChoice'),(1090,291889919,27,'RandomChoice'),(1091,291889919,28,'RandomChoice'),(1092,291889919,29,'RandomChoice'),(1093,291889919,30,'RandomChoice'),(1094,291889919,31,'RandomChoice'),(1095,291889919,32,'RandomChoice'),(1096,291889919,33,'RandomChoice'),(1097,291889919,34,'RandomChoice'),(1098,291889919,35,'RandomChoice'),(1099,291889919,36,'RandomChoice'),(1100,291889919,37,'RandomChoice'),(1101,291889919,38,'RandomChoice'),(1102,291889919,39,'RandomChoice'),(1103,291889919,40,'RandomChoice'),(1104,291889919,41,'RandomChoice'),(1105,291889919,42,'RandomChoice'),(1106,291889919,44,'RandomChoice'),(1107,291889919,45,'RandomChoice'),(1108,291889919,46,'RandomChoice'),(1109,291889919,47,'RandomChoice'),(1110,291889919,48,'RandomChoice'),(1111,291889919,49,'RandomChoice'),(1112,291889919,50,'RandomChoice'),(1113,291889919,51,'RandomChoice'),(1114,291889919,52,'RandomChoice'),(1115,291889919,53,'RandomChoice'),(1116,291889919,54,'RandomChoice'),(1117,291889919,55,'RandomChoice'),(1118,291889919,56,'RandomChoice'),(1119,291889919,57,'RandomChoice'),(1120,291889919,58,'RandomChoice'),(1121,291889919,59,'RandomChoice'),(1122,291889919,60,'RandomChoice'),(1123,291889919,61,'RandomChoice'),(1124,291889919,62,'RandomChoice'),(1125,291889919,63,'RandomChoice'),(1126,291889919,65,'RandomChoice'),(1127,291889919,66,'RandomChoice'),(1128,291889919,67,'RandomChoice'),(1129,291889919,68,'RandomChoice'),(1130,291889919,69,'RandomChoice'),(1131,291889919,70,'RandomChoice'),(1132,291889919,71,'RandomChoice'),(1133,291889919,72,'RandomChoice'),(1134,291889919,73,'RandomChoice'),(1135,291889919,74,'RandomChoice'),(1136,291889919,75,'RandomChoice'),(1137,291889919,76,'RandomChoice'),(1138,291889919,77,'RandomChoice'),(1139,291889919,78,'RandomChoice'),(1140,291889919,79,'RandomChoice'),(1141,291889919,2,'RandomMovement'),(1142,291889919,3,'RandomMovement'),(1143,291889919,4,'RandomMovement'),(1144,291889919,5,'RandomMovement'),(1145,291889919,6,'RandomMovement'),(1146,291889919,7,'RandomMovement'),(1147,291889919,8,'RandomMovement'),(1148,291889919,9,'RandomMovement'),(1149,291889919,10,'RandomMovement'),(1150,291889919,11,'RandomMovement'),(1151,291889919,12,'RandomMovement'),(1152,291889919,13,'RandomMovement'),(1153,291889919,14,'RandomMovement'),(1154,291889919,15,'RandomMovement'),(1155,291889919,16,'RandomMovement'),(1156,291889919,17,'RandomMovement'),(1157,291889919,18,'RandomMovement'),(1158,291889919,19,'RandomMovement'),(1159,291889919,20,'RandomMovement'),(1160,291889919,21,'RandomMovement'),(1161,291889919,22,'RandomMovement'),(1162,291889919,23,'RandomMovement'),(1163,291889919,24,'RandomMovement'),(1164,291889919,25,'RandomMovement'),(1165,291889919,26,'RandomMovement'),(1166,291889919,27,'RandomMovement'),(1167,291889919,28,'RandomMovement'),(1168,291889919,29,'RandomMovement'),(1169,291889919,30,'RandomMovement'),(1170,291889919,31,'RandomMovement'),(1171,291889919,32,'RandomMovement'),(1172,291889919,33,'RandomMovement'),(1173,291889919,34,'RandomMovement'),(1174,291889919,35,'RandomMovement'),(1175,291889919,36,'RandomMovement'),(1176,291889919,37,'RandomMovement'),(1177,291889919,38,'RandomMovement'),(1178,291889919,39,'RandomMovement'),(1179,291889919,40,'RandomMovement'),(1180,291889919,41,'RandomMovement'),(1181,291889919,42,'RandomMovement'),(1182,291889919,44,'RandomMovement'),(1183,291889919,45,'RandomMovement'),(1184,291889919,46,'RandomMovement'),(1185,291889919,47,'RandomMovement'),(1186,291889919,48,'RandomMovement'),(1187,291889919,49,'RandomMovement'),(1188,291889919,50,'RandomMovement'),(1189,291889919,51,'RandomMovement'),(1190,291889919,52,'RandomMovement'),(1191,291889919,53,'RandomMovement'),(1192,291889919,54,'RandomMovement'),(1193,291889919,55,'RandomMovement'),(1194,291889919,56,'RandomMovement'),(1195,291889919,57,'RandomMovement'),(1196,291889919,58,'RandomMovement'),(1197,291889919,59,'RandomMovement'),(1198,291889919,60,'RandomMovement'),(1199,291889919,61,'RandomMovement'),(1200,291889919,62,'RandomMovement'),(1201,291889919,63,'RandomMovement'),(1202,291889919,65,'RandomMovement'),(1203,291889919,66,'RandomMovement'),(1204,291889919,67,'RandomMovement'),(1205,291889919,68,'RandomMovement'),(1206,291889919,69,'RandomMovement'),(1207,291889919,70,'RandomMovement'),(1208,291889919,71,'RandomMovement'),(1209,291889919,72,'RandomMovement'),(1210,291889919,73,'RandomMovement'),(1211,291889919,74,'RandomMovement'),(1212,291889919,75,'RandomMovement'),(1213,291889919,76,'RandomMovement'),(1214,291889919,77,'RandomMovement'),(1215,291889919,78,'RandomMovement'),(1216,291889919,79,'RandomMovement'),(1217,1132785369,2,'BasicBrain'),(1218,1132785369,3,'BasicBrain'),(1219,1132785369,4,'BasicBrain'),(1220,1132785369,5,'BasicBrain'),(1221,1132785369,6,'BasicBrain'),(1222,1132785369,7,'BasicBrain'),(1223,1132785369,8,'BasicBrain'),(1224,1132785369,9,'BasicBrain'),(1225,1132785369,10,'BasicBrain'),(1226,1132785369,11,'BasicBrain'),(1227,1132785369,12,'BasicBrain'),(1228,1132785369,13,'BasicBrain'),(1229,1132785369,14,'BasicBrain'),(1230,1132785369,15,'BasicBrain'),(1231,1132785369,16,'BasicBrain'),(1232,1132785369,17,'BasicBrain'),(1233,1132785369,18,'BasicBrain'),(1234,1132785369,19,'BasicBrain'),(1235,1132785369,20,'BasicBrain'),(1236,1132785369,21,'BasicBrain'),(1237,1132785369,22,'BasicBrain'),(1238,1132785369,23,'BasicBrain'),(1239,1132785369,24,'BasicBrain'),(1240,1132785369,25,'BasicBrain'),(1241,1132785369,26,'BasicBrain'),(1242,1132785369,27,'BasicBrain'),(1243,1132785369,28,'BasicBrain'),(1244,1132785369,29,'BasicBrain'),(1245,1132785369,30,'BasicBrain'),(1246,1132785369,31,'BasicBrain'),(1247,1132785369,32,'BasicBrain'),(1248,1132785369,33,'BasicBrain'),(1249,1132785369,34,'BasicBrain'),(1250,1132785369,35,'BasicBrain'),(1251,1132785369,36,'BasicBrain'),(1252,1132785369,37,'BasicBrain'),(1253,1132785369,38,'BasicBrain'),(1254,1132785369,39,'BasicBrain'),(1255,1132785369,40,'BasicBrain'),(1256,1132785369,41,'BasicBrain'),(1257,1132785369,42,'BasicBrain'),(1258,1132785369,44,'BasicBrain'),(1259,1132785369,45,'BasicBrain'),(1260,1132785369,46,'BasicBrain'),(1261,1132785369,47,'BasicBrain'),(1262,1132785369,48,'BasicBrain'),(1263,1132785369,49,'BasicBrain'),(1264,1132785369,50,'BasicBrain'),(1265,1132785369,51,'BasicBrain'),(1266,1132785369,52,'BasicBrain'),(1267,1132785369,53,'BasicBrain'),(1268,1132785369,54,'BasicBrain'),(1269,1132785369,55,'BasicBrain'),(1270,1132785369,56,'BasicBrain'),(1271,1132785369,57,'BasicBrain'),(1272,1132785369,58,'BasicBrain'),(1273,1132785369,59,'BasicBrain'),(1274,1132785369,60,'BasicBrain'),(1275,1132785369,61,'BasicBrain'),(1276,1132785369,62,'BasicBrain'),(1277,1132785369,63,'BasicBrain'),(1278,1132785369,65,'BasicBrain'),(1279,1132785369,66,'BasicBrain'),(1280,1132785369,67,'BasicBrain'),(1281,1132785369,68,'BasicBrain'),(1282,1132785369,69,'BasicBrain'),(1283,1132785369,70,'BasicBrain'),(1284,1132785369,71,'BasicBrain'),(1285,1132785369,72,'BasicBrain'),(1286,1132785369,73,'BasicBrain'),(1287,1132785369,74,'BasicBrain'),(1288,1132785369,75,'BasicBrain'),(1289,1132785369,76,'BasicBrain'),(1290,1132785369,77,'BasicBrain'),(1291,1132785369,78,'BasicBrain'),(1292,1132785369,79,'BasicBrain'),(1293,1132785369,2,'ConservativeBrain'),(1294,1132785369,3,'ConservativeBrain'),(1295,1132785369,4,'ConservativeBrain'),(1296,1132785369,5,'ConservativeBrain'),(1297,1132785369,6,'ConservativeBrain'),(1298,1132785369,7,'ConservativeBrain'),(1299,1132785369,8,'ConservativeBrain'),(1300,1132785369,9,'ConservativeBrain'),(1301,1132785369,10,'ConservativeBrain'),(1302,1132785369,11,'ConservativeBrain'),(1303,1132785369,12,'ConservativeBrain'),(1304,1132785369,13,'ConservativeBrain'),(1305,1132785369,14,'ConservativeBrain'),(1306,1132785369,15,'ConservativeBrain'),(1307,1132785369,16,'ConservativeBrain'),(1308,1132785369,17,'ConservativeBrain'),(1309,1132785369,18,'ConservativeBrain'),(1310,1132785369,19,'ConservativeBrain'),(1311,1132785369,20,'ConservativeBrain'),(1312,1132785369,21,'ConservativeBrain'),(1313,1132785369,22,'ConservativeBrain'),(1314,1132785369,23,'ConservativeBrain'),(1315,1132785369,24,'ConservativeBrain'),(1316,1132785369,25,'ConservativeBrain'),(1317,1132785369,26,'ConservativeBrain'),(1318,1132785369,27,'ConservativeBrain'),(1319,1132785369,28,'ConservativeBrain'),(1320,1132785369,29,'ConservativeBrain'),(1321,1132785369,30,'ConservativeBrain'),(1322,1132785369,31,'ConservativeBrain'),(1323,1132785369,32,'ConservativeBrain'),(1324,1132785369,33,'ConservativeBrain'),(1325,1132785369,34,'ConservativeBrain'),(1326,1132785369,35,'ConservativeBrain'),(1327,1132785369,36,'ConservativeBrain'),(1328,1132785369,37,'ConservativeBrain'),(1329,1132785369,38,'ConservativeBrain'),(1330,1132785369,39,'ConservativeBrain'),(1331,1132785369,40,'ConservativeBrain'),(1332,1132785369,41,'ConservativeBrain'),(1333,1132785369,42,'ConservativeBrain'),(1334,1132785369,44,'ConservativeBrain'),(1335,1132785369,45,'ConservativeBrain'),(1336,1132785369,46,'ConservativeBrain'),(1337,1132785369,47,'ConservativeBrain'),(1338,1132785369,48,'ConservativeBrain'),(1339,1132785369,49,'ConservativeBrain'),(1340,1132785369,50,'ConservativeBrain'),(1341,1132785369,51,'ConservativeBrain'),(1342,1132785369,52,'ConservativeBrain'),(1343,1132785369,53,'ConservativeBrain'),(1344,1132785369,54,'ConservativeBrain'),(1345,1132785369,55,'ConservativeBrain'),(1346,1132785369,56,'ConservativeBrain'),(1347,1132785369,57,'ConservativeBrain'),(1348,1132785369,58,'ConservativeBrain'),(1349,1132785369,59,'ConservativeBrain'),(1350,1132785369,60,'ConservativeBrain'),(1351,1132785369,61,'ConservativeBrain'),(1352,1132785369,62,'ConservativeBrain'),(1353,1132785369,63,'ConservativeBrain'),(1354,1132785369,65,'ConservativeBrain'),(1355,1132785369,66,'ConservativeBrain'),(1356,1132785369,67,'ConservativeBrain'),(1357,1132785369,68,'ConservativeBrain'),(1358,1132785369,69,'ConservativeBrain'),(1359,1132785369,70,'ConservativeBrain'),(1360,1132785369,71,'ConservativeBrain'),(1361,1132785369,72,'ConservativeBrain'),(1362,1132785369,73,'ConservativeBrain'),(1363,1132785369,74,'ConservativeBrain'),(1364,1132785369,75,'ConservativeBrain'),(1365,1132785369,76,'ConservativeBrain'),(1366,1132785369,77,'ConservativeBrain'),(1367,1132785369,78,'ConservativeBrain'),(1368,1132785369,79,'ConservativeBrain'),(1369,1132785369,2,'RandomChoice'),(1370,1132785369,3,'RandomChoice'),(1371,1132785369,4,'RandomChoice'),(1372,1132785369,5,'RandomChoice'),(1373,1132785369,6,'RandomChoice'),(1374,1132785369,7,'RandomChoice'),(1375,1132785369,8,'RandomChoice'),(1376,1132785369,9,'RandomChoice'),(1377,1132785369,10,'RandomChoice'),(1378,1132785369,11,'RandomChoice'),(1379,1132785369,12,'RandomChoice'),(1380,1132785369,13,'RandomChoice'),(1381,1132785369,14,'RandomChoice'),(1382,1132785369,15,'RandomChoice'),(1383,1132785369,16,'RandomChoice'),(1384,1132785369,17,'RandomChoice'),(1385,1132785369,18,'RandomChoice'),(1386,1132785369,19,'RandomChoice'),(1387,1132785369,20,'RandomChoice'),(1388,1132785369,21,'RandomChoice'),(1389,1132785369,22,'RandomChoice'),(1390,1132785369,23,'RandomChoice'),(1391,1132785369,24,'RandomChoice'),(1392,1132785369,25,'RandomChoice'),(1393,1132785369,26,'RandomChoice'),(1394,1132785369,27,'RandomChoice'),(1395,1132785369,28,'RandomChoice'),(1396,1132785369,29,'RandomChoice'),(1397,1132785369,30,'RandomChoice'),(1398,1132785369,31,'RandomChoice'),(1399,1132785369,32,'RandomChoice'),(1400,1132785369,33,'RandomChoice'),(1401,1132785369,34,'RandomChoice'),(1402,1132785369,35,'RandomChoice'),(1403,1132785369,36,'RandomChoice'),(1404,1132785369,37,'RandomChoice'),(1405,1132785369,38,'RandomChoice'),(1406,1132785369,39,'RandomChoice'),(1407,1132785369,40,'RandomChoice'),(1408,1132785369,41,'RandomChoice'),(1409,1132785369,42,'RandomChoice'),(1410,1132785369,44,'RandomChoice'),(1411,1132785369,45,'RandomChoice'),(1412,1132785369,46,'RandomChoice'),(1413,1132785369,47,'RandomChoice'),(1414,1132785369,48,'RandomChoice'),(1415,1132785369,49,'RandomChoice'),(1416,1132785369,50,'RandomChoice'),(1417,1132785369,51,'RandomChoice'),(1418,1132785369,52,'RandomChoice'),(1419,1132785369,53,'RandomChoice'),(1420,1132785369,54,'RandomChoice'),(1421,1132785369,55,'RandomChoice'),(1422,1132785369,56,'RandomChoice'),(1423,1132785369,57,'RandomChoice'),(1424,1132785369,58,'RandomChoice'),(1425,1132785369,59,'RandomChoice'),(1426,1132785369,60,'RandomChoice'),(1427,1132785369,61,'RandomChoice'),(1428,1132785369,62,'RandomChoice'),(1429,1132785369,63,'RandomChoice'),(1430,1132785369,65,'RandomChoice'),(1431,1132785369,66,'RandomChoice'),(1432,1132785369,67,'RandomChoice'),(1433,1132785369,68,'RandomChoice'),(1434,1132785369,69,'RandomChoice'),(1435,1132785369,70,'RandomChoice'),(1436,1132785369,71,'RandomChoice'),(1437,1132785369,72,'RandomChoice'),(1438,1132785369,73,'RandomChoice'),(1439,1132785369,74,'RandomChoice'),(1440,1132785369,75,'RandomChoice'),(1441,1132785369,76,'RandomChoice'),(1442,1132785369,77,'RandomChoice'),(1443,1132785369,78,'RandomChoice'),(1444,1132785369,79,'RandomChoice'),(1445,1132785369,2,'RandomMovement'),(1446,1132785369,3,'RandomMovement'),(1447,1132785369,4,'RandomMovement'),(1448,1132785369,5,'RandomMovement'),(1449,1132785369,6,'RandomMovement'),(1450,1132785369,7,'RandomMovement'),(1451,1132785369,8,'RandomMovement'),(1452,1132785369,9,'RandomMovement'),(1453,1132785369,10,'RandomMovement'),(1454,1132785369,11,'RandomMovement'),(1455,1132785369,12,'RandomMovement'),(1456,1132785369,13,'RandomMovement'),(1457,1132785369,14,'RandomMovement'),(1458,1132785369,15,'RandomMovement'),(1459,1132785369,16,'RandomMovement'),(1460,1132785369,17,'RandomMovement'),(1461,1132785369,18,'RandomMovement'),(1462,1132785369,19,'RandomMovement'),(1463,1132785369,20,'RandomMovement'),(1464,1132785369,21,'RandomMovement'),(1465,1132785369,22,'RandomMovement'),(1466,1132785369,23,'RandomMovement'),(1467,1132785369,24,'RandomMovement'),(1468,1132785369,25,'RandomMovement'),(1469,1132785369,26,'RandomMovement'),(1470,1132785369,27,'RandomMovement'),(1471,1132785369,28,'RandomMovement'),(1472,1132785369,29,'RandomMovement'),(1473,1132785369,30,'RandomMovement'),(1474,1132785369,31,'RandomMovement'),(1475,1132785369,32,'RandomMovement'),(1476,1132785369,33,'RandomMovement'),(1477,1132785369,34,'RandomMovement'),(1478,1132785369,35,'RandomMovement'),(1479,1132785369,36,'RandomMovement'),(1480,1132785369,37,'RandomMovement'),(1481,1132785369,38,'RandomMovement'),(1482,1132785369,39,'RandomMovement'),(1483,1132785369,40,'RandomMovement'),(1484,1132785369,41,'RandomMovement'),(1485,1132785369,42,'RandomMovement'),(1486,1132785369,44,'RandomMovement'),(1487,1132785369,45,'RandomMovement'),(1488,1132785369,46,'RandomMovement'),(1489,1132785369,47,'RandomMovement'),(1490,1132785369,48,'RandomMovement'),(1491,1132785369,49,'RandomMovement'),(1492,1132785369,50,'RandomMovement'),(1493,1132785369,51,'RandomMovement'),(1494,1132785369,52,'RandomMovement'),(1495,1132785369,53,'RandomMovement'),(1496,1132785369,54,'RandomMovement'),(1497,1132785369,55,'RandomMovement'),(1498,1132785369,56,'RandomMovement'),(1499,1132785369,57,'RandomMovement'),(1500,1132785369,58,'RandomMovement'),(1501,1132785369,59,'RandomMovement'),(1502,1132785369,60,'RandomMovement'),(1503,1132785369,61,'RandomMovement'),(1504,1132785369,62,'RandomMovement'),(1505,1132785369,63,'RandomMovement'),(1506,1132785369,65,'RandomMovement'),(1507,1132785369,66,'RandomMovement'),(1508,1132785369,67,'RandomMovement'),(1509,1132785369,68,'RandomMovement'),(1510,1132785369,69,'RandomMovement'),(1511,1132785369,70,'RandomMovement'),(1512,1132785369,71,'RandomMovement'),(1513,1132785369,72,'RandomMovement'),(1514,1132785369,73,'RandomMovement'),(1515,1132785369,74,'RandomMovement'),(1516,1132785369,75,'RandomMovement'),(1517,1132785369,76,'RandomMovement'),(1518,1132785369,77,'RandomMovement'),(1519,1132785369,78,'RandomMovement'),(1520,1132785369,79,'RandomMovement');
/*!40000 ALTER TABLE `experiments` ENABLE KEYS */;
UNLOCK TABLES;

--
-- Table structure for table `scheduled_launches`
--

DROP TABLE IF EXISTS `scheduled_launches`;
/*!40101 SET @saved_cs_client     = @@character_set_client */;
/*!40101 SET character_set_client = utf8 */;
CREATE TABLE `scheduled_launches` (
  `id` int(11) NOT NULL AUTO_INCREMENT,
  `schedule_id` int(11) NOT NULL,
  `desired_gear` int(11) NOT NULL,
  `speed_multiplier` double NOT NULL DEFAULT '0.5',
  `distance_to_cover` double NOT NULL,
  `launch_tick` int(11) NOT NULL,
  PRIMARY KEY (`id`),
  UNIQUE KEY `tick_unique_key` (`schedule_id`,`launch_tick`),
  CONSTRAINT `launch_schedule_fk` FOREIGN KEY (`schedule_id`) REFERENCES `schedules` (`id`)
) ENGINE=InnoDB AUTO_INCREMENT=1502 DEFAULT CHARSET=utf8;
/*!40101 SET character_set_client = @saved_cs_client */;

--
-- Dumping data for table `scheduled_launches`
--

LOCK TABLES `scheduled_launches` WRITE;
/*!40000 ALTER TABLE `scheduled_launches` DISABLE KEYS */;
INSERT INTO `scheduled_launches` VALUES (1,2,2,0.5,5000,0),(2,3,7,0.5,5000,0),(3,3,6,0.5,5000,60),(4,3,2,0.5,5000,120),(5,3,4,0.5,5000,180),(6,3,6,0.5,5000,240),(7,3,1,0.5,5000,300),(8,3,10,0.5,5000,360),(9,3,2,0.5,5000,420),(10,3,8,0.5,5000,480),(11,3,1,0.5,5000,540),(12,4,1,0.5,5000,0),(13,4,10,0.5,5000,60),(14,4,10,0.5,5000,120),(15,4,2,0.5,5000,180),(16,4,5,0.5,5000,240),(17,4,2,0.5,5000,300),(18,4,7,0.5,5000,360),(19,4,10,0.5,5000,420),(20,4,4,0.5,5000,480),(21,4,1,0.5,5000,540),(22,5,2,0.5,5000,0),(23,5,1,0.5,5000,60),(24,5,2,0.5,5000,120),(25,5,6,0.5,5000,180),(26,5,3,0.5,5000,240),(27,5,5,0.5,5000,300),(28,5,2,0.5,5000,360),(29,5,8,0.5,5000,420),(30,5,2,0.5,5000,480),(31,5,5,0.5,5000,540),(32,6,9,0.5,5000,0),(33,6,3,0.5,5000,60),(34,6,9,0.5,5000,120),(35,6,4,0.5,5000,180),(36,6,4,0.5,5000,240),(37,6,9,0.5,5000,300),(38,6,6,0.5,5000,360),(39,6,2,0.5,5000,420),(40,6,3,0.5,5000,480),(41,6,10,0.5,5000,540),(42,7,1,0.5,5000,0),(43,7,8,0.5,5000,60),(44,7,1,0.5,5000,120),(45,7,9,0.5,5000,180),(46,7,6,0.5,5000,240),(47,7,9,0.5,5000,300),(48,7,3,0.5,5000,360),(49,7,8,0.5,5000,420),(50,7,9,0.5,5000,480),(51,7,1,0.5,5000,540),(52,8,2,0.5,5000,0),(53,8,4,0.5,5000,120),(54,8,9,0.5,5000,240),(55,8,7,0.5,5000,360),(56,8,3,0.5,5000,480),(57,8,2,0.5,5000,600),(58,8,2,0.5,5000,720),(59,8,7,0.5,5000,840),(60,8,7,0.5,5000,960),(61,8,5,0.5,5000,1080),(62,9,6,0.5,5000,0),(63,9,3,0.5,5000,120),(64,9,8,0.5,5000,240),(65,9,3,0.5,5000,360),(66,9,3,0.5,5000,480),(67,9,1,0.5,5000,600),(68,9,10,0.5,5000,720),(69,9,10,0.5,5000,840),(70,9,7,0.5,5000,960),(71,9,6,0.5,5000,1080),(72,10,7,0.5,5000,0),(73,10,10,0.5,5000,120),(74,10,5,0.5,5000,240),(75,10,4,0.5,5000,360),(76,10,5,0.5,5000,480),(77,10,8,0.5,5000,600),(78,10,2,0.5,5000,720),(79,10,2,0.5,5000,840),(80,10,6,0.5,5000,960),(81,10,6,0.5,5000,1080),(82,11,8,0.5,5000,0),(83,11,3,0.5,5000,120),(84,11,7,0.5,5000,240),(85,11,10,0.5,5000,360),(86,11,4,0.5,5000,480),(87,11,4,0.5,5000,600),(88,11,5,0.5,5000,720),(89,11,4,0.5,5000,840),(90,11,2,0.5,5000,960),(91,11,3,0.5,5000,1080),(92,12,1,0.5,5000,0),(93,12,3,0.5,5000,120),(94,12,3,0.5,5000,240),(95,12,10,0.5,5000,360),(96,12,2,0.5,5000,480),(97,12,7,0.5,5000,600),(98,12,8,0.5,5000,720),(99,12,4,0.5,5000,840),(100,12,8,0.5,5000,960),(101,12,2,0.5,5000,1080),(102,13,8,0.5,5000,0),(103,13,3,0.5,5000,180),(104,13,6,0.5,5000,360),(105,13,2,0.5,5000,540),(106,13,1,0.5,5000,720),(107,13,6,0.5,5000,900),(108,13,10,0.5,5000,1080),(109,13,2,0.5,5000,1260),(110,13,2,0.5,5000,1440),(111,13,8,0.5,5000,1620),(112,14,9,0.5,5000,0),(113,14,8,0.5,5000,180),(114,14,8,0.5,5000,360),(115,14,5,0.5,5000,540),(116,14,2,0.5,5000,720),(117,14,2,0.5,5000,900),(118,14,1,0.5,5000,1080),(119,14,5,0.5,5000,1260),(120,14,8,0.5,5000,1440),(121,14,3,0.5,5000,1620),(122,15,2,0.5,5000,0),(123,15,8,0.5,5000,180),(124,15,5,0.5,5000,360),(125,15,7,0.5,5000,540),(126,15,8,0.5,5000,720),(127,15,5,0.5,5000,900),(128,15,1,0.5,5000,1080),(129,15,6,0.5,5000,1260),(130,15,4,0.5,5000,1440),(131,15,6,0.5,5000,1620),(132,16,8,0.5,5000,0),(133,16,3,0.5,5000,180),(134,16,9,0.5,5000,360),(135,16,10,0.5,5000,540),(136,16,7,0.5,5000,720),(137,16,6,0.5,5000,900),(138,16,5,0.5,5000,1080),(139,16,5,0.5,5000,1260),(140,16,2,0.5,5000,1440),(141,16,7,0.5,5000,1620),(142,17,3,0.5,5000,0),(143,17,1,0.5,5000,180),(144,17,1,0.5,5000,360),(145,17,10,0.5,5000,540),(146,17,1,0.5,5000,720),(147,17,1,0.5,5000,900),(148,17,4,0.5,5000,1080),(149,17,5,0.5,5000,1260),(150,17,2,0.5,5000,1440),(151,17,2,0.5,5000,1620),(152,18,2,0.5,5000,0),(153,18,8,0.5,5000,300),(154,18,6,0.5,5000,600),(155,18,4,0.5,5000,900),(156,18,6,0.5,5000,1200),(157,18,6,0.5,5000,1500),(158,18,1,0.5,5000,1800),(159,18,9,0.5,5000,2100),(160,18,7,0.5,5000,2400),(161,18,8,0.5,5000,2700),(162,19,1,0.5,5000,0),(163,19,1,0.5,5000,300),(164,19,2,0.5,5000,600),(165,19,3,0.5,5000,900),(166,19,10,0.5,5000,1200),(167,19,4,0.5,5000,1500),(168,19,4,0.5,5000,1800),(169,19,1,0.5,5000,2100),(170,19,7,0.5,5000,2400),(171,19,5,0.5,5000,2700),(172,20,2,0.5,5000,0),(173,20,2,0.5,5000,300),(174,20,1,0.5,5000,600),(175,20,5,0.5,5000,900),(176,20,3,0.5,5000,1200),(177,20,4,0.5,5000,1500),(178,20,3,0.5,5000,1800),(179,20,7,0.5,5000,2100),(180,20,7,0.5,5000,2400),(181,20,1,0.5,5000,2700),(182,21,9,0.5,5000,0),(183,21,6,0.5,5000,300),(184,21,3,0.5,5000,600),(185,21,3,0.5,5000,900),(186,21,6,0.5,5000,1200),(187,21,3,0.5,5000,1500),(188,21,3,0.5,5000,1800),(189,21,2,0.5,5000,2100),(190,21,1,0.5,5000,2400),(191,21,9,0.5,5000,2700),(192,22,7,0.5,5000,0),(193,22,3,0.5,5000,300),(194,22,3,0.5,5000,600),(195,22,2,0.5,5000,900),(196,22,6,0.5,5000,1200),(197,22,7,0.5,5000,1500),(198,22,7,0.5,5000,1800),(199,22,1,0.5,5000,2100),(200,22,10,0.5,5000,2400),(201,22,10,0.5,5000,2700),(202,23,9,0.5,5000,0),(203,23,9,0.5,5000,600),(204,23,5,0.5,5000,1200),(205,23,9,0.5,5000,1800),(206,23,5,0.5,5000,2400),(207,23,3,0.5,5000,3000),(208,23,10,0.5,5000,3600),(209,23,2,0.5,5000,4200),(210,23,4,0.5,5000,4800),(211,23,6,0.5,5000,5400),(212,24,8,0.5,5000,0),(213,24,5,0.5,5000,600),(214,24,5,0.5,5000,1200),(215,24,7,0.5,5000,1800),(216,24,1,0.5,5000,2400),(217,24,9,0.5,5000,3000),(218,24,9,0.5,5000,3600),(219,24,4,0.5,5000,4200),(220,24,6,0.5,5000,4800),(221,24,5,0.5,5000,5400),(222,25,5,0.5,5000,0),(223,25,1,0.5,5000,600),(224,25,8,0.5,5000,1200),(225,25,10,0.5,5000,1800),(226,25,9,0.5,5000,2400),(227,25,9,0.5,5000,3000),(228,25,3,0.5,5000,3600),(229,25,4,0.5,5000,4200),(230,25,5,0.5,5000,4800),(231,25,4,0.5,5000,5400),(232,26,7,0.5,5000,0),(233,26,8,0.5,5000,600),(234,26,7,0.5,5000,1200),(235,26,6,0.5,5000,1800),(236,26,8,0.5,5000,2400),(237,26,8,0.5,5000,3000),(238,26,8,0.5,5000,3600),(239,26,3,0.5,5000,4200),(240,26,1,0.5,5000,4800),(241,26,2,0.5,5000,5400),(242,27,3,0.5,5000,0),(243,27,9,0.5,5000,600),(244,27,7,0.5,5000,1200),(245,27,10,0.5,5000,1800),(246,27,9,0.5,5000,2400),(247,27,8,0.5,5000,3000),(248,27,7,0.5,5000,3600),(249,27,7,0.5,5000,4200),(250,27,3,0.5,5000,4800),(251,27,3,0.5,5000,5400),(252,28,2,0.5,5000,0),(253,28,9,0.5,5000,60),(254,28,4,0.5,5000,120),(255,28,3,0.5,5000,180),(256,28,7,0.5,5000,240),(257,28,10,0.5,5000,300),(258,28,2,0.5,5000,360),(259,28,4,0.5,5000,420),(260,28,7,0.5,5000,480),(261,28,7,0.5,5000,540),(262,28,3,0.5,5000,600),(263,28,7,0.5,5000,660),(264,28,3,0.5,5000,720),(265,28,5,0.5,5000,780),(266,28,6,0.5,5000,840),(267,28,3,0.5,5000,900),(268,28,10,0.5,5000,960),(269,28,9,0.5,5000,1020),(270,28,10,0.5,5000,1080),(271,28,8,0.5,5000,1140),(272,29,2,0.5,5000,0),(273,29,10,0.5,5000,60),(274,29,7,0.5,5000,120),(275,29,10,0.5,5000,180),(276,29,8,0.5,5000,240),(277,29,3,0.5,5000,300),(278,29,1,0.5,5000,360),(279,29,9,0.5,5000,420),(280,29,3,0.5,5000,480),(281,29,6,0.5,5000,540),(282,29,8,0.5,5000,600),(283,29,2,0.5,5000,660),(284,29,7,0.5,5000,720),(285,29,8,0.5,5000,780),(286,29,5,0.5,5000,840),(287,29,6,0.5,5000,900),(288,29,3,0.5,5000,960),(289,29,10,0.5,5000,1020),(290,29,7,0.5,5000,1080),(291,29,4,0.5,5000,1140),(292,30,3,0.5,5000,0),(293,30,8,0.5,5000,60),(294,30,5,0.5,5000,120),(295,30,8,0.5,5000,180),(296,30,3,0.5,5000,240),(297,30,9,0.5,5000,300),(298,30,3,0.5,5000,360),(299,30,5,0.5,5000,420),(300,30,2,0.5,5000,480),(301,30,10,0.5,5000,540),(302,30,10,0.5,5000,600),(303,30,6,0.5,5000,660),(304,30,2,0.5,5000,720),(305,30,1,0.5,5000,780),(306,30,10,0.5,5000,840),(307,30,1,0.5,5000,900),(308,30,5,0.5,5000,960),(309,30,10,0.5,5000,1020),(310,30,2,0.5,5000,1080),(311,30,4,0.5,5000,1140),(312,31,2,0.5,5000,0),(313,31,7,0.5,5000,60),(314,31,10,0.5,5000,120),(315,31,5,0.5,5000,180),(316,31,10,0.5,5000,240),(317,31,5,0.5,5000,300),(318,31,6,0.5,5000,360),(319,31,8,0.5,5000,420),(320,31,2,0.5,5000,480),(321,31,6,0.5,5000,540),(322,31,3,0.5,5000,600),(323,31,7,0.5,5000,660),(324,31,9,0.5,5000,720),(325,31,10,0.5,5000,780),(326,31,4,0.5,5000,840),(327,31,1,0.5,5000,900),(328,31,7,0.5,5000,960),(329,31,6,0.5,5000,1020),(330,31,8,0.5,5000,1080),(331,31,2,0.5,5000,1140),(332,32,4,0.5,5000,0),(333,32,10,0.5,5000,60),(334,32,10,0.5,5000,120),(335,32,4,0.5,5000,180),(336,32,6,0.5,5000,240),(337,32,2,0.5,5000,300),(338,32,1,0.5,5000,360),(339,32,1,0.5,5000,420),(340,32,6,0.5,5000,480),(341,32,7,0.5,5000,540),(342,32,7,0.5,5000,600),(343,32,4,0.5,5000,660),(344,32,9,0.5,5000,720),(345,32,4,0.5,5000,780),(346,32,4,0.5,5000,840),(347,32,3,0.5,5000,900),(348,32,6,0.5,5000,960),(349,32,3,0.5,5000,1020),(350,32,8,0.5,5000,1080),(351,32,9,0.5,5000,1140),(352,33,9,0.5,5000,0),(353,33,6,0.5,5000,120),(354,33,1,0.5,5000,240),(355,33,9,0.5,5000,360),(356,33,9,0.5,5000,480),(357,33,7,0.5,5000,600),(358,33,7,0.5,5000,720),(359,33,8,0.5,5000,840),(360,33,9,0.5,5000,960),(361,33,10,0.5,5000,1080),(362,33,1,0.5,5000,1200),(363,33,5,0.5,5000,1320),(364,33,5,0.5,5000,1440),(365,33,6,0.5,5000,1560),(366,33,7,0.5,5000,1680),(367,33,3,0.5,5000,1800),(368,33,5,0.5,5000,1920),(369,33,2,0.5,5000,2040),(370,33,2,0.5,5000,2160),(371,33,7,0.5,5000,2280),(372,34,9,0.5,5000,0),(373,34,3,0.5,5000,120),(374,34,6,0.5,5000,240),(375,34,4,0.5,5000,360),(376,34,3,0.5,5000,480),(377,34,9,0.5,5000,600),(378,34,2,0.5,5000,720),(379,34,10,0.5,5000,840),(380,34,8,0.5,5000,960),(381,34,5,0.5,5000,1080),(382,34,8,0.5,5000,1200),(383,34,6,0.5,5000,1320),(384,34,6,0.5,5000,1440),(385,34,2,0.5,5000,1560),(386,34,4,0.5,5000,1680),(387,34,8,0.5,5000,1800),(388,34,9,0.5,5000,1920),(389,34,1,0.5,5000,2040),(390,34,1,0.5,5000,2160),(391,34,1,0.5,5000,2280),(392,35,1,0.5,5000,0),(393,35,9,0.5,5000,120),(394,35,4,0.5,5000,240),(395,35,5,0.5,5000,360),(396,35,4,0.5,5000,480),(397,35,9,0.5,5000,600),(398,35,7,0.5,5000,720),(399,35,3,0.5,5000,840),(400,35,1,0.5,5000,960),(401,35,2,0.5,5000,1080),(402,35,3,0.5,5000,1200),(403,35,5,0.5,5000,1320),(404,35,2,0.5,5000,1440),(405,35,7,0.5,5000,1560),(406,35,3,0.5,5000,1680),(407,35,4,0.5,5000,1800),(408,35,8,0.5,5000,1920),(409,35,5,0.5,5000,2040),(410,35,8,0.5,5000,2160),(411,35,2,0.5,5000,2280),(412,36,5,0.5,5000,0),(413,36,8,0.5,5000,120),(414,36,2,0.5,5000,240),(415,36,8,0.5,5000,360),(416,36,10,0.5,5000,480),(417,36,4,0.5,5000,600),(418,36,4,0.5,5000,720),(419,36,5,0.5,5000,840),(420,36,3,0.5,5000,960),(421,36,7,0.5,5000,1080),(422,36,3,0.5,5000,1200),(423,36,4,0.5,5000,1320),(424,36,10,0.5,5000,1440),(425,36,6,0.5,5000,1560),(426,36,2,0.5,5000,1680),(427,36,7,0.5,5000,1800),(428,36,3,0.5,5000,1920),(429,36,6,0.5,5000,2040),(430,36,3,0.5,5000,2160),(431,36,8,0.5,5000,2280),(432,37,7,0.5,5000,0),(433,37,1,0.5,5000,120),(434,37,6,0.5,5000,240),(435,37,5,0.5,5000,360),(436,37,3,0.5,5000,480),(437,37,3,0.5,5000,600),(438,37,1,0.5,5000,720),(439,37,9,0.5,5000,840),(440,37,9,0.5,5000,960),(441,37,5,0.5,5000,1080),(442,37,5,0.5,5000,1200),(443,37,2,0.5,5000,1320),(444,37,8,0.5,5000,1440),(445,37,7,0.5,5000,1560),(446,37,7,0.5,5000,1680),(447,37,8,0.5,5000,1800),(448,37,9,0.5,5000,1920),(449,37,8,0.5,5000,2040),(450,37,2,0.5,5000,2160),(451,37,2,0.5,5000,2280),(452,38,1,0.5,5000,0),(453,38,5,0.5,5000,180),(454,38,8,0.5,5000,360),(455,38,10,0.5,5000,540),(456,38,3,0.5,5000,720),(457,38,3,0.5,5000,900),(458,38,4,0.5,5000,1080),(459,38,5,0.5,5000,1260),(460,38,3,0.5,5000,1440),(461,38,7,0.5,5000,1620),(462,38,3,0.5,5000,1800),(463,38,2,0.5,5000,1980),(464,38,9,0.5,5000,2160),(465,38,7,0.5,5000,2340),(466,38,3,0.5,5000,2520),(467,38,2,0.5,5000,2700),(468,38,5,0.5,5000,2880),(469,38,6,0.5,5000,3060),(470,38,4,0.5,5000,3240),(471,38,3,0.5,5000,3420),(472,39,4,0.5,5000,0),(473,39,10,0.5,5000,180),(474,39,9,0.5,5000,360),(475,39,1,0.5,5000,540),(476,39,7,0.5,5000,720),(477,39,8,0.5,5000,900),(478,39,2,0.5,5000,1080),(479,39,4,0.5,5000,1260),(480,39,4,0.5,5000,1440),(481,39,7,0.5,5000,1620),(482,39,5,0.5,5000,1800),(483,39,4,0.5,5000,1980),(484,39,7,0.5,5000,2160),(485,39,10,0.5,5000,2340),(486,39,3,0.5,5000,2520),(487,39,1,0.5,5000,2700),(488,39,7,0.5,5000,2880),(489,39,2,0.5,5000,3060),(490,39,3,0.5,5000,3240),(491,39,8,0.5,5000,3420),(492,40,3,0.5,5000,0),(493,40,9,0.5,5000,180),(494,40,10,0.5,5000,360),(495,40,9,0.5,5000,540),(496,40,3,0.5,5000,720),(497,40,8,0.5,5000,900),(498,40,2,0.5,5000,1080),(499,40,1,0.5,5000,1260),(500,40,10,0.5,5000,1440),(501,40,7,0.5,5000,1620),(502,40,5,0.5,5000,1800),(503,40,6,0.5,5000,1980),(504,40,9,0.5,5000,2160),(505,40,9,0.5,5000,2340),(506,40,3,0.5,5000,2520),(507,40,4,0.5,5000,2700),(508,40,3,0.5,5000,2880),(509,40,8,0.5,5000,3060),(510,40,6,0.5,5000,3240),(511,40,8,0.5,5000,3420),(512,41,7,0.5,5000,0),(513,41,8,0.5,5000,180),(514,41,6,0.5,5000,360),(515,41,8,0.5,5000,540),(516,41,5,0.5,5000,720),(517,41,8,0.5,5000,900),(518,41,3,0.5,5000,1080),(519,41,10,0.5,5000,1260),(520,41,6,0.5,5000,1440),(521,41,10,0.5,5000,1620),(522,41,4,0.5,5000,1800),(523,41,5,0.5,5000,1980),(524,41,8,0.5,5000,2160),(525,41,5,0.5,5000,2340),(526,41,10,0.5,5000,2520),(527,41,1,0.5,5000,2700),(528,41,7,0.5,5000,2880),(529,41,6,0.5,5000,3060),(530,41,4,0.5,5000,3240),(531,41,10,0.5,5000,3420),(532,42,10,0.5,5000,0),(533,42,5,0.5,5000,180),(534,42,8,0.5,5000,360),(535,42,9,0.5,5000,540),(536,42,4,0.5,5000,720),(537,42,6,0.5,5000,900),(538,42,7,0.5,5000,1080),(539,42,5,0.5,5000,1260),(540,42,10,0.5,5000,1440),(541,42,3,0.5,5000,1620),(542,42,5,0.5,5000,1800),(543,42,2,0.5,5000,1980),(544,42,2,0.5,5000,2160),(545,42,10,0.5,5000,2340),(546,42,3,0.5,5000,2520),(547,42,9,0.5,5000,2700),(548,42,10,0.5,5000,2880),(549,42,1,0.5,5000,3060),(550,42,10,0.5,5000,3240),(551,42,8,0.5,5000,3420),(552,44,3,0.5,5000,0),(553,44,4,0.5,5000,300),(554,44,5,0.5,5000,600),(555,44,7,0.5,5000,900),(556,44,9,0.5,5000,1200),(557,44,2,0.5,5000,1500),(558,44,8,0.5,5000,1800),(559,44,9,0.5,5000,2100),(560,44,1,0.5,5000,2400),(561,44,10,0.5,5000,2700),(562,44,10,0.5,5000,3000),(563,44,2,0.5,5000,3300),(564,44,9,0.5,5000,3600),(565,44,8,0.5,5000,3900),(566,44,3,0.5,5000,4200),(567,44,9,0.5,5000,4500),(568,44,7,0.5,5000,4800),(569,44,1,0.5,5000,5100),(570,44,5,0.5,5000,5400),(571,44,10,0.5,5000,5700),(572,45,6,0.5,5000,0),(573,45,3,0.5,5000,300),(574,45,3,0.5,5000,600),(575,45,3,0.5,5000,900),(576,45,5,0.5,5000,1200),(577,45,9,0.5,5000,1500),(578,45,10,0.5,5000,1800),(579,45,3,0.5,5000,2100),(580,45,1,0.5,5000,2400),(581,45,2,0.5,5000,2700),(582,45,8,0.5,5000,3000),(583,45,5,0.5,5000,3300),(584,45,3,0.5,5000,3600),(585,45,10,0.5,5000,3900),(586,45,7,0.5,5000,4200),(587,45,10,0.5,5000,4500),(588,45,5,0.5,5000,4800),(589,45,3,0.5,5000,5100),(590,45,6,0.5,5000,5400),(591,45,4,0.5,5000,5700),(592,46,5,0.5,5000,0),(593,46,3,0.5,5000,300),(594,46,4,0.5,5000,600),(595,46,6,0.5,5000,900),(596,46,1,0.5,5000,1200),(597,46,10,0.5,5000,1500),(598,46,10,0.5,5000,1800),(599,46,3,0.5,5000,2100),(600,46,7,0.5,5000,2400),(601,46,7,0.5,5000,2700),(602,46,4,0.5,5000,3000),(603,46,3,0.5,5000,3300),(604,46,3,0.5,5000,3600),(605,46,7,0.5,5000,3900),(606,46,8,0.5,5000,4200),(607,46,9,0.5,5000,4500),(608,46,10,0.5,5000,4800),(609,46,2,0.5,5000,5100),(610,46,9,0.5,5000,5400),(611,46,7,0.5,5000,5700),(612,47,9,0.5,5000,0),(613,47,9,0.5,5000,300),(614,47,6,0.5,5000,600),(615,47,3,0.5,5000,900),(616,47,2,0.5,5000,1200),(617,47,2,0.5,5000,1500),(618,47,2,0.5,5000,1800),(619,47,7,0.5,5000,2100),(620,47,2,0.5,5000,2400),(621,47,5,0.5,5000,2700),(622,47,10,0.5,5000,3000),(623,47,3,0.5,5000,3300),(624,47,10,0.5,5000,3600),(625,47,9,0.5,5000,3900),(626,47,5,0.5,5000,4200),(627,47,7,0.5,5000,4500),(628,47,5,0.5,5000,4800),(629,47,2,0.5,5000,5100),(630,47,7,0.5,5000,5400),(631,47,7,0.5,5000,5700),(632,48,5,0.5,5000,0),(633,48,8,0.5,5000,300),(634,48,6,0.5,5000,600),(635,48,2,0.5,5000,900),(636,48,6,0.5,5000,1200),(637,48,1,0.5,5000,1500),(638,48,2,0.5,5000,1800),(639,48,7,0.5,5000,2100),(640,48,9,0.5,5000,2400),(641,48,2,0.5,5000,2700),(642,48,7,0.5,5000,3000),(643,48,6,0.5,5000,3300),(644,48,7,0.5,5000,3600),(645,48,7,0.5,5000,3900),(646,48,7,0.5,5000,4200),(647,48,8,0.5,5000,4500),(648,48,8,0.5,5000,4800),(649,48,5,0.5,5000,5100),(650,48,4,0.5,5000,5400),(651,48,10,0.5,5000,5700),(652,49,9,0.5,5000,0),(653,49,2,0.5,5000,600),(654,49,6,0.5,5000,1200),(655,49,3,0.5,5000,1800),(656,49,1,0.5,5000,2400),(657,49,10,0.5,5000,3000),(658,49,9,0.5,5000,3600),(659,49,2,0.5,5000,4200),(660,49,9,0.5,5000,4800),(661,49,7,0.5,5000,5400),(662,49,7,0.5,5000,6000),(663,49,5,0.5,5000,6600),(664,49,1,0.5,5000,7200),(665,49,7,0.5,5000,7800),(666,49,7,0.5,5000,8400),(667,49,7,0.5,5000,9000),(668,49,10,0.5,5000,9600),(669,49,7,0.5,5000,10200),(670,49,5,0.5,5000,10800),(671,49,4,0.5,5000,11400),(672,50,6,0.5,5000,0),(673,50,7,0.5,5000,600),(674,50,1,0.5,5000,1200),(675,50,10,0.5,5000,1800),(676,50,8,0.5,5000,2400),(677,50,10,0.5,5000,3000),(678,50,6,0.5,5000,3600),(679,50,5,0.5,5000,4200),(680,50,8,0.5,5000,4800),(681,50,8,0.5,5000,5400),(682,50,9,0.5,5000,6000),(683,50,4,0.5,5000,6600),(684,50,7,0.5,5000,7200),(685,50,8,0.5,5000,7800),(686,50,6,0.5,5000,8400),(687,50,8,0.5,5000,9000),(688,50,8,0.5,5000,9600),(689,50,7,0.5,5000,10200),(690,50,1,0.5,5000,10800),(691,50,1,0.5,5000,11400),(692,51,5,0.5,5000,0),(693,51,10,0.5,5000,600),(694,51,9,0.5,5000,1200),(695,51,5,0.5,5000,1800),(696,51,4,0.5,5000,2400),(697,51,9,0.5,5000,3000),(698,51,5,0.5,5000,3600),(699,51,10,0.5,5000,4200),(700,51,9,0.5,5000,4800),(701,51,7,0.5,5000,5400),(702,51,3,0.5,5000,6000),(703,51,6,0.5,5000,6600),(704,51,2,0.5,5000,7200),(705,51,3,0.5,5000,7800),(706,51,5,0.5,5000,8400),(707,51,4,0.5,5000,9000),(708,51,7,0.5,5000,9600),(709,51,8,0.5,5000,10200),(710,51,2,0.5,5000,10800),(711,51,1,0.5,5000,11400),(712,52,8,0.5,5000,0),(713,52,9,0.5,5000,600),(714,52,5,0.5,5000,1200),(715,52,8,0.5,5000,1800),(716,52,10,0.5,5000,2400),(717,52,3,0.5,5000,3000),(718,52,9,0.5,5000,3600),(719,52,1,0.5,5000,4200),(720,52,1,0.5,5000,4800),(721,52,2,0.5,5000,5400),(722,52,6,0.5,5000,6000),(723,52,3,0.5,5000,6600),(724,52,10,0.5,5000,7200),(725,52,10,0.5,5000,7800),(726,52,10,0.5,5000,8400),(727,52,2,0.5,5000,9000),(728,52,4,0.5,5000,9600),(729,52,6,0.5,5000,10200),(730,52,3,0.5,5000,10800),(731,52,8,0.5,5000,11400),(732,53,5,0.5,5000,0),(733,53,6,0.5,5000,600),(734,53,1,0.5,5000,1200),(735,53,6,0.5,5000,1800),(736,53,9,0.5,5000,2400),(737,53,2,0.5,5000,3000),(738,53,10,0.5,5000,3600),(739,53,8,0.5,5000,4200),(740,53,6,0.5,5000,4800),(741,53,9,0.5,5000,5400),(742,53,7,0.5,5000,6000),(743,53,4,0.5,5000,6600),(744,53,5,0.5,5000,7200),(745,53,2,0.5,5000,7800),(746,53,6,0.5,5000,8400),(747,53,5,0.5,5000,9000),(748,53,8,0.5,5000,9600),(749,53,9,0.5,5000,10200),(750,53,5,0.5,5000,10800),(751,53,8,0.5,5000,11400),(752,54,6,0.5,5000,0),(753,54,3,0.5,5000,60),(754,54,1,0.5,5000,120),(755,54,5,0.5,5000,180),(756,54,4,0.5,5000,240),(757,54,4,0.5,5000,300),(758,54,3,0.5,5000,360),(759,54,2,0.5,5000,420),(760,54,9,0.5,5000,480),(761,54,2,0.5,5000,540),(762,54,6,0.5,5000,600),(763,54,8,0.5,5000,660),(764,54,4,0.5,5000,720),(765,54,4,0.5,5000,780),(766,54,4,0.5,5000,840),(767,54,8,0.5,5000,900),(768,54,10,0.5,5000,960),(769,54,9,0.5,5000,1020),(770,54,8,0.5,5000,1080),(771,54,4,0.5,5000,1140),(772,54,3,0.5,5000,1200),(773,54,6,0.5,5000,1260),(774,54,10,0.5,5000,1320),(775,54,6,0.5,5000,1380),(776,54,4,0.5,5000,1440),(777,54,2,0.5,5000,1500),(778,54,7,0.5,5000,1560),(779,54,7,0.5,5000,1620),(780,54,3,0.5,5000,1680),(781,54,4,0.5,5000,1740),(782,55,2,0.5,5000,0),(783,55,7,0.5,5000,60),(784,55,5,0.5,5000,120),(785,55,5,0.5,5000,180),(786,55,9,0.5,5000,240),(787,55,6,0.5,5000,300),(788,55,8,0.5,5000,360),(789,55,8,0.5,5000,420),(790,55,4,0.5,5000,480),(791,55,1,0.5,5000,540),(792,55,4,0.5,5000,600),(793,55,4,0.5,5000,660),(794,55,3,0.5,5000,720),(795,55,5,0.5,5000,780),(796,55,8,0.5,5000,840),(797,55,6,0.5,5000,900),(798,55,2,0.5,5000,960),(799,55,3,0.5,5000,1020),(800,55,1,0.5,5000,1080),(801,55,7,0.5,5000,1140),(802,55,1,0.5,5000,1200),(803,55,4,0.5,5000,1260),(804,55,4,0.5,5000,1320),(805,55,6,0.5,5000,1380),(806,55,5,0.5,5000,1440),(807,55,6,0.5,5000,1500),(808,55,10,0.5,5000,1560),(809,55,8,0.5,5000,1620),(810,55,10,0.5,5000,1680),(811,55,4,0.5,5000,1740),(812,56,8,0.5,5000,0),(813,56,2,0.5,5000,60),(814,56,5,0.5,5000,120),(815,56,9,0.5,5000,180),(816,56,10,0.5,5000,240),(817,56,2,0.5,5000,300),(818,56,4,0.5,5000,360),(819,56,2,0.5,5000,420),(820,56,9,0.5,5000,480),(821,56,1,0.5,5000,540),(822,56,3,0.5,5000,600),(823,56,2,0.5,5000,660),(824,56,9,0.5,5000,720),(825,56,6,0.5,5000,780),(826,56,7,0.5,5000,840),(827,56,9,0.5,5000,900),(828,56,9,0.5,5000,960),(829,56,3,0.5,5000,1020),(830,56,8,0.5,5000,1080),(831,56,4,0.5,5000,1140),(832,56,9,0.5,5000,1200),(833,56,3,0.5,5000,1260),(834,56,4,0.5,5000,1320),(835,56,1,0.5,5000,1380),(836,56,9,0.5,5000,1440),(837,56,3,0.5,5000,1500),(838,56,4,0.5,5000,1560),(839,56,1,0.5,5000,1620),(840,56,1,0.5,5000,1680),(841,56,10,0.5,5000,1740),(842,57,1,0.5,5000,0),(843,57,6,0.5,5000,60),(844,57,3,0.5,5000,120),(845,57,9,0.5,5000,180),(846,57,2,0.5,5000,240),(847,57,1,0.5,5000,300),(848,57,5,0.5,5000,360),(849,57,10,0.5,5000,420),(850,57,5,0.5,5000,480),(851,57,4,0.5,5000,540),(852,57,1,0.5,5000,600),(853,57,5,0.5,5000,660),(854,57,7,0.5,5000,720),(855,57,6,0.5,5000,780),(856,57,4,0.5,5000,840),(857,57,4,0.5,5000,900),(858,57,9,0.5,5000,960),(859,57,7,0.5,5000,1020),(860,57,4,0.5,5000,1080),(861,57,5,0.5,5000,1140),(862,57,6,0.5,5000,1200),(863,57,2,0.5,5000,1260),(864,57,8,0.5,5000,1320),(865,57,5,0.5,5000,1380),(866,57,10,0.5,5000,1440),(867,57,8,0.5,5000,1500),(868,57,5,0.5,5000,1560),(869,57,5,0.5,5000,1620),(870,57,1,0.5,5000,1680),(871,57,1,0.5,5000,1740),(872,58,1,0.5,5000,0),(873,58,8,0.5,5000,60),(874,58,1,0.5,5000,120),(875,58,7,0.5,5000,180),(876,58,5,0.5,5000,240),(877,58,9,0.5,5000,300),(878,58,4,0.5,5000,360),(879,58,6,0.5,5000,420),(880,58,9,0.5,5000,480),(881,58,1,0.5,5000,540),(882,58,2,0.5,5000,600),(883,58,10,0.5,5000,660),(884,58,8,0.5,5000,720),(885,58,7,0.5,5000,780),(886,58,2,0.5,5000,840),(887,58,7,0.5,5000,900),(888,58,5,0.5,5000,960),(889,58,2,0.5,5000,1020),(890,58,5,0.5,5000,1080),(891,58,2,0.5,5000,1140),(892,58,4,0.5,5000,1200),(893,58,4,0.5,5000,1260),(894,58,5,0.5,5000,1320),(895,58,7,0.5,5000,1380),(896,58,5,0.5,5000,1440),(897,58,7,0.5,5000,1500),(898,58,6,0.5,5000,1560),(899,58,2,0.5,5000,1620),(900,58,3,0.5,5000,1680),(901,58,9,0.5,5000,1740),(902,59,6,0.5,5000,0),(903,59,9,0.5,5000,120),(904,59,1,0.5,5000,240),(905,59,1,0.5,5000,360),(906,59,10,0.5,5000,480),(907,59,10,0.5,5000,600),(908,59,8,0.5,5000,720),(909,59,10,0.5,5000,840),(910,59,3,0.5,5000,960),(911,59,6,0.5,5000,1080),(912,59,7,0.5,5000,1200),(913,59,5,0.5,5000,1320),(914,59,2,0.5,5000,1440),(915,59,10,0.5,5000,1560),(916,59,10,0.5,5000,1680),(917,59,7,0.5,5000,1800),(918,59,8,0.5,5000,1920),(919,59,8,0.5,5000,2040),(920,59,9,0.5,5000,2160),(921,59,5,0.5,5000,2280),(922,59,1,0.5,5000,2400),(923,59,3,0.5,5000,2520),(924,59,5,0.5,5000,2640),(925,59,1,0.5,5000,2760),(926,59,1,0.5,5000,2880),(927,59,3,0.5,5000,3000),(928,59,3,0.5,5000,3120),(929,59,5,0.5,5000,3240),(930,59,8,0.5,5000,3360),(931,59,4,0.5,5000,3480),(932,60,4,0.5,5000,0),(933,60,4,0.5,5000,120),(934,60,2,0.5,5000,240),(935,60,7,0.5,5000,360),(936,60,2,0.5,5000,480),(937,60,7,0.5,5000,600),(938,60,1,0.5,5000,720),(939,60,1,0.5,5000,840),(940,60,4,0.5,5000,960),(941,60,10,0.5,5000,1080),(942,60,1,0.5,5000,1200),(943,60,10,0.5,5000,1320),(944,60,2,0.5,5000,1440),(945,60,3,0.5,5000,1560),(946,60,3,0.5,5000,1680),(947,60,9,0.5,5000,1800),(948,60,4,0.5,5000,1920),(949,60,7,0.5,5000,2040),(950,60,9,0.5,5000,2160),(951,60,10,0.5,5000,2280),(952,60,10,0.5,5000,2400),(953,60,1,0.5,5000,2520),(954,60,9,0.5,5000,2640),(955,60,5,0.5,5000,2760),(956,60,9,0.5,5000,2880),(957,60,7,0.5,5000,3000),(958,60,3,0.5,5000,3120),(959,60,3,0.5,5000,3240),(960,60,4,0.5,5000,3360),(961,60,4,0.5,5000,3480),(962,61,5,0.5,5000,0),(963,61,9,0.5,5000,120),(964,61,9,0.5,5000,240),(965,61,1,0.5,5000,360),(966,61,5,0.5,5000,480),(967,61,4,0.5,5000,600),(968,61,2,0.5,5000,720),(969,61,4,0.5,5000,840),(970,61,10,0.5,5000,960),(971,61,7,0.5,5000,1080),(972,61,8,0.5,5000,1200),(973,61,3,0.5,5000,1320),(974,61,2,0.5,5000,1440),(975,61,1,0.5,5000,1560),(976,61,1,0.5,5000,1680),(977,61,8,0.5,5000,1800),(978,61,9,0.5,5000,1920),(979,61,2,0.5,5000,2040),(980,61,4,0.5,5000,2160),(981,61,5,0.5,5000,2280),(982,61,5,0.5,5000,2400),(983,61,4,0.5,5000,2520),(984,61,1,0.5,5000,2640),(985,61,5,0.5,5000,2760),(986,61,10,0.5,5000,2880),(987,61,10,0.5,5000,3000),(988,61,4,0.5,5000,3120),(989,61,7,0.5,5000,3240),(990,61,10,0.5,5000,3360),(991,61,10,0.5,5000,3480),(992,62,10,0.5,5000,0),(993,62,2,0.5,5000,120),(994,62,6,0.5,5000,240),(995,62,10,0.5,5000,360),(996,62,10,0.5,5000,480),(997,62,5,0.5,5000,600),(998,62,7,0.5,5000,720),(999,62,10,0.5,5000,840),(1000,62,10,0.5,5000,960),(1001,62,8,0.5,5000,1080),(1002,62,7,0.5,5000,1200),(1003,62,9,0.5,5000,1320),(1004,62,3,0.5,5000,1440),(1005,62,6,0.5,5000,1560),(1006,62,1,0.5,5000,1680),(1007,62,6,0.5,5000,1800),(1008,62,4,0.5,5000,1920),(1009,62,1,0.5,5000,2040),(1010,62,3,0.5,5000,2160),(1011,62,4,0.5,5000,2280),(1012,62,5,0.5,5000,2400),(1013,62,6,0.5,5000,2520),(1014,62,6,0.5,5000,2640),(1015,62,10,0.5,5000,2760),(1016,62,10,0.5,5000,2880),(1017,62,3,0.5,5000,3000),(1018,62,10,0.5,5000,3120),(1019,62,2,0.5,5000,3240),(1020,62,1,0.5,5000,3360),(1021,62,6,0.5,5000,3480),(1022,63,2,0.5,5000,0),(1023,63,8,0.5,5000,120),(1024,63,8,0.5,5000,240),(1025,63,6,0.5,5000,360),(1026,63,3,0.5,5000,480),(1027,63,9,0.5,5000,600),(1028,63,2,0.5,5000,720),(1029,63,4,0.5,5000,840),(1030,63,8,0.5,5000,960),(1031,63,1,0.5,5000,1080),(1032,63,5,0.5,5000,1200),(1033,63,9,0.5,5000,1320),(1034,63,1,0.5,5000,1440),(1035,63,6,0.5,5000,1560),(1036,63,9,0.5,5000,1680),(1037,63,8,0.5,5000,1800),(1038,63,2,0.5,5000,1920),(1039,63,9,0.5,5000,2040),(1040,63,10,0.5,5000,2160),(1041,63,7,0.5,5000,2280),(1042,63,10,0.5,5000,2400),(1043,63,8,0.5,5000,2520),(1044,63,4,0.5,5000,2640),(1045,63,8,0.5,5000,2760),(1046,63,1,0.5,5000,2880),(1047,63,4,0.5,5000,3000),(1048,63,7,0.5,5000,3120),(1049,63,6,0.5,5000,3240),(1050,63,7,0.5,5000,3360),(1051,63,9,0.5,5000,3480),(1052,65,4,0.5,5000,0),(1053,65,5,0.5,5000,180),(1054,65,7,0.5,5000,360),(1055,65,1,0.5,5000,540),(1056,65,2,0.5,5000,720),(1057,65,5,0.5,5000,900),(1058,65,2,0.5,5000,1080),(1059,65,6,0.5,5000,1260),(1060,65,9,0.5,5000,1440),(1061,65,7,0.5,5000,1620),(1062,65,8,0.5,5000,1800),(1063,65,9,0.5,5000,1980),(1064,65,2,0.5,5000,2160),(1065,65,2,0.5,5000,2340),(1066,65,9,0.5,5000,2520),(1067,65,3,0.5,5000,2700),(1068,65,3,0.5,5000,2880),(1069,65,8,0.5,5000,3060),(1070,65,9,0.5,5000,3240),(1071,65,6,0.5,5000,3420),(1072,65,1,0.5,5000,3600),(1073,65,8,0.5,5000,3780),(1074,65,6,0.5,5000,3960),(1075,65,10,0.5,5000,4140),(1076,65,7,0.5,5000,4320),(1077,65,9,0.5,5000,4500),(1078,65,5,0.5,5000,4680),(1079,65,9,0.5,5000,4860),(1080,65,5,0.5,5000,5040),(1081,65,7,0.5,5000,5220),(1082,66,9,0.5,5000,0),(1083,66,8,0.5,5000,180),(1084,66,10,0.5,5000,360),(1085,66,6,0.5,5000,540),(1086,66,9,0.5,5000,720),(1087,66,3,0.5,5000,900),(1088,66,1,0.5,5000,1080),(1089,66,5,0.5,5000,1260),(1090,66,5,0.5,5000,1440),(1091,66,8,0.5,5000,1620),(1092,66,6,0.5,5000,1800),(1093,66,1,0.5,5000,1980),(1094,66,5,0.5,5000,2160),(1095,66,2,0.5,5000,2340),(1096,66,9,0.5,5000,2520),(1097,66,6,0.5,5000,2700),(1098,66,2,0.5,5000,2880),(1099,66,6,0.5,5000,3060),(1100,66,2,0.5,5000,3240),(1101,66,9,0.5,5000,3420),(1102,66,7,0.5,5000,3600),(1103,66,6,0.5,5000,3780),(1104,66,5,0.5,5000,3960),(1105,66,10,0.5,5000,4140),(1106,66,1,0.5,5000,4320),(1107,66,6,0.5,5000,4500),(1108,66,2,0.5,5000,4680),(1109,66,5,0.5,5000,4860),(1110,66,7,0.5,5000,5040),(1111,66,7,0.5,5000,5220),(1112,67,6,0.5,5000,0),(1113,67,6,0.5,5000,180),(1114,67,5,0.5,5000,360),(1115,67,4,0.5,5000,540),(1116,67,10,0.5,5000,720),(1117,67,5,0.5,5000,900),(1118,67,5,0.5,5000,1080),(1119,67,4,0.5,5000,1260),(1120,67,6,0.5,5000,1440),(1121,67,9,0.5,5000,1620),(1122,67,6,0.5,5000,1800),(1123,67,2,0.5,5000,1980),(1124,67,5,0.5,5000,2160),(1125,67,10,0.5,5000,2340),(1126,67,3,0.5,5000,2520),(1127,67,6,0.5,5000,2700),(1128,67,5,0.5,5000,2880),(1129,67,6,0.5,5000,3060),(1130,67,8,0.5,5000,3240),(1131,67,4,0.5,5000,3420),(1132,67,9,0.5,5000,3600),(1133,67,2,0.5,5000,3780),(1134,67,6,0.5,5000,3960),(1135,67,2,0.5,5000,4140),(1136,67,4,0.5,5000,4320),(1137,67,10,0.5,5000,4500),(1138,67,1,0.5,5000,4680),(1139,67,6,0.5,5000,4860),(1140,67,8,0.5,5000,5040),(1141,67,6,0.5,5000,5220),(1142,68,10,0.5,5000,0),(1143,68,3,0.5,5000,180),(1144,68,5,0.5,5000,360),(1145,68,7,0.5,5000,540),(1146,68,4,0.5,5000,720),(1147,68,6,0.5,5000,900),(1148,68,2,0.5,5000,1080),(1149,68,7,0.5,5000,1260),(1150,68,5,0.5,5000,1440),(1151,68,3,0.5,5000,1620),(1152,68,9,0.5,5000,1800),(1153,68,8,0.5,5000,1980),(1154,68,10,0.5,5000,2160),(1155,68,8,0.5,5000,2340),(1156,68,1,0.5,5000,2520),(1157,68,2,0.5,5000,2700),(1158,68,10,0.5,5000,2880),(1159,68,10,0.5,5000,3060),(1160,68,10,0.5,5000,3240),(1161,68,8,0.5,5000,3420),(1162,68,5,0.5,5000,3600),(1163,68,9,0.5,5000,3780),(1164,68,8,0.5,5000,3960),(1165,68,3,0.5,5000,4140),(1166,68,8,0.5,5000,4320),(1167,68,10,0.5,5000,4500),(1168,68,2,0.5,5000,4680),(1169,68,7,0.5,5000,4860),(1170,68,6,0.5,5000,5040),(1171,68,2,0.5,5000,5220),(1172,69,3,0.5,5000,0),(1173,69,7,0.5,5000,180),(1174,69,10,0.5,5000,360),(1175,69,6,0.5,5000,540),(1176,69,1,0.5,5000,720),(1177,69,6,0.5,5000,900),(1178,69,8,0.5,5000,1080),(1179,69,2,0.5,5000,1260),(1180,69,1,0.5,5000,1440),(1181,69,7,0.5,5000,1620),(1182,69,7,0.5,5000,1800),(1183,69,2,0.5,5000,1980),(1184,69,3,0.5,5000,2160),(1185,69,1,0.5,5000,2340),(1186,69,7,0.5,5000,2520),(1187,69,4,0.5,5000,2700),(1188,69,9,0.5,5000,2880),(1189,69,10,0.5,5000,3060),(1190,69,9,0.5,5000,3240),(1191,69,2,0.5,5000,3420),(1192,69,8,0.5,5000,3600),(1193,69,7,0.5,5000,3780),(1194,69,1,0.5,5000,3960),(1195,69,3,0.5,5000,4140),(1196,69,2,0.5,5000,4320),(1197,69,5,0.5,5000,4500),(1198,69,4,0.5,5000,4680),(1199,69,6,0.5,5000,4860),(1200,69,10,0.5,5000,5040),(1201,69,2,0.5,5000,5220),(1202,70,6,0.5,5000,0),(1203,70,1,0.5,5000,300),(1204,70,10,0.5,5000,600),(1205,70,8,0.5,5000,900),(1206,70,7,0.5,5000,1200),(1207,70,5,0.5,5000,1500),(1208,70,8,0.5,5000,1800),(1209,70,2,0.5,5000,2100),(1210,70,10,0.5,5000,2400),(1211,70,2,0.5,5000,2700),(1212,70,1,0.5,5000,3000),(1213,70,7,0.5,5000,3300),(1214,70,10,0.5,5000,3600),(1215,70,9,0.5,5000,3900),(1216,70,6,0.5,5000,4200),(1217,70,2,0.5,5000,4500),(1218,70,6,0.5,5000,4800),(1219,70,10,0.5,5000,5100),(1220,70,9,0.5,5000,5400),(1221,70,7,0.5,5000,5700),(1222,70,6,0.5,5000,6000),(1223,70,6,0.5,5000,6300),(1224,70,9,0.5,5000,6600),(1225,70,6,0.5,5000,6900),(1226,70,1,0.5,5000,7200),(1227,70,10,0.5,5000,7500),(1228,70,2,0.5,5000,7800),(1229,70,6,0.5,5000,8100),(1230,70,3,0.5,5000,8400),(1231,70,2,0.5,5000,8700),(1232,71,5,0.5,5000,0),(1233,71,7,0.5,5000,300),(1234,71,5,0.5,5000,600),(1235,71,1,0.5,5000,900),(1236,71,2,0.5,5000,1200),(1237,71,7,0.5,5000,1500),(1238,71,2,0.5,5000,1800),(1239,71,2,0.5,5000,2100),(1240,71,4,0.5,5000,2400),(1241,71,8,0.5,5000,2700),(1242,71,6,0.5,5000,3000),(1243,71,7,0.5,5000,3300),(1244,71,5,0.5,5000,3600),(1245,71,3,0.5,5000,3900),(1246,71,10,0.5,5000,4200),(1247,71,2,0.5,5000,4500),(1248,71,5,0.5,5000,4800),(1249,71,6,0.5,5000,5100),(1250,71,8,0.5,5000,5400),(1251,71,8,0.5,5000,5700),(1252,71,1,0.5,5000,6000),(1253,71,1,0.5,5000,6300),(1254,71,10,0.5,5000,6600),(1255,71,3,0.5,5000,6900),(1256,71,3,0.5,5000,7200),(1257,71,1,0.5,5000,7500),(1258,71,6,0.5,5000,7800),(1259,71,8,0.5,5000,8100),(1260,71,8,0.5,5000,8400),(1261,71,3,0.5,5000,8700),(1262,72,10,0.5,5000,0),(1263,72,7,0.5,5000,300),(1264,72,3,0.5,5000,600),(1265,72,10,0.5,5000,900),(1266,72,9,0.5,5000,1200),(1267,72,7,0.5,5000,1500),(1268,72,8,0.5,5000,1800),(1269,72,4,0.5,5000,2100),(1270,72,9,0.5,5000,2400),(1271,72,8,0.5,5000,2700),(1272,72,2,0.5,5000,3000),(1273,72,3,0.5,5000,3300),(1274,72,6,0.5,5000,3600),(1275,72,9,0.5,5000,3900),(1276,72,7,0.5,5000,4200),(1277,72,8,0.5,5000,4500),(1278,72,6,0.5,5000,4800),(1279,72,9,0.5,5000,5100),(1280,72,2,0.5,5000,5400),(1281,72,10,0.5,5000,5700),(1282,72,3,0.5,5000,6000),(1283,72,4,0.5,5000,6300),(1284,72,2,0.5,5000,6600),(1285,72,6,0.5,5000,6900),(1286,72,8,0.5,5000,7200),(1287,72,9,0.5,5000,7500),(1288,72,7,0.5,5000,7800),(1289,72,7,0.5,5000,8100),(1290,72,7,0.5,5000,8400),(1291,72,5,0.5,5000,8700),(1292,73,8,0.5,5000,0),(1293,73,8,0.5,5000,300),(1294,73,4,0.5,5000,600),(1295,73,6,0.5,5000,900),(1296,73,10,0.5,5000,1200),(1297,73,1,0.5,5000,1500),(1298,73,10,0.5,5000,1800),(1299,73,10,0.5,5000,2100),(1300,73,6,0.5,5000,2400),(1301,73,9,0.5,5000,2700),(1302,73,3,0.5,5000,3000),(1303,73,5,0.5,5000,3300),(1304,73,8,0.5,5000,3600),(1305,73,5,0.5,5000,3900),(1306,73,2,0.5,5000,4200),(1307,73,2,0.5,5000,4500),(1308,73,2,0.5,5000,4800),(1309,73,3,0.5,5000,5100),(1310,73,3,0.5,5000,5400),(1311,73,8,0.5,5000,5700),(1312,73,5,0.5,5000,6000),(1313,73,3,0.5,5000,6300),(1314,73,6,0.5,5000,6600),(1315,73,1,0.5,5000,6900),(1316,73,9,0.5,5000,7200),(1317,73,1,0.5,5000,7500),(1318,73,7,0.5,5000,7800),(1319,73,2,0.5,5000,8100),(1320,73,7,0.5,5000,8400),(1321,73,5,0.5,5000,8700),(1322,74,4,0.5,5000,0),(1323,74,4,0.5,5000,300),(1324,74,2,0.5,5000,600),(1325,74,4,0.5,5000,900),(1326,74,4,0.5,5000,1200),(1327,74,7,0.5,5000,1500),(1328,74,5,0.5,5000,1800),(1329,74,2,0.5,5000,2100),(1330,74,3,0.5,5000,2400),(1331,74,7,0.5,5000,2700),(1332,74,3,0.5,5000,3000),(1333,74,9,0.5,5000,3300),(1334,74,2,0.5,5000,3600),(1335,74,6,0.5,5000,3900),(1336,74,5,0.5,5000,4200),(1337,74,3,0.5,5000,4500),(1338,74,4,0.5,5000,4800),(1339,74,3,0.5,5000,5100),(1340,74,4,0.5,5000,5400),(1341,74,3,0.5,5000,5700),(1342,74,10,0.5,5000,6000),(1343,74,2,0.5,5000,6300),(1344,74,8,0.5,5000,6600),(1345,74,8,0.5,5000,6900),(1346,74,1,0.5,5000,7200),(1347,74,10,0.5,5000,7500),(1348,74,10,0.5,5000,7800),(1349,74,4,0.5,5000,8100),(1350,74,9,0.5,5000,8400),(1351,74,2,0.5,5000,8700),(1352,75,1,0.5,5000,0),(1353,75,5,0.5,5000,600),(1354,75,7,0.5,5000,1200),(1355,75,4,0.5,5000,1800),(1356,75,7,0.5,5000,2400),(1357,75,9,0.5,5000,3000),(1358,75,5,0.5,5000,3600),(1359,75,3,0.5,5000,4200),(1360,75,7,0.5,5000,4800),(1361,75,9,0.5,5000,5400),(1362,75,2,0.5,5000,6000),(1363,75,3,0.5,5000,6600),(1364,75,4,0.5,5000,7200),(1365,75,10,0.5,5000,7800),(1366,75,9,0.5,5000,8400),(1367,75,8,0.5,5000,9000),(1368,75,10,0.5,5000,9600),(1369,75,10,0.5,5000,10200),(1370,75,5,0.5,5000,10800),(1371,75,7,0.5,5000,11400),(1372,75,6,0.5,5000,12000),(1373,75,4,0.5,5000,12600),(1374,75,10,0.5,5000,13200),(1375,75,3,0.5,5000,13800),(1376,75,1,0.5,5000,14400),(1377,75,2,0.5,5000,15000),(1378,75,1,0.5,5000,15600),(1379,75,1,0.5,5000,16200),(1380,75,10,0.5,5000,16800),(1381,75,2,0.5,5000,17400),(1382,76,6,0.5,5000,0),(1383,76,7,0.5,5000,600),(1384,76,6,0.5,5000,1200),(1385,76,4,0.5,5000,1800),(1386,76,2,0.5,5000,2400),(1387,76,8,0.5,5000,3000),(1388,76,1,0.5,5000,3600),(1389,76,7,0.5,5000,4200),(1390,76,10,0.5,5000,4800),(1391,76,4,0.5,5000,5400),(1392,76,8,0.5,5000,6000),(1393,76,7,0.5,5000,6600),(1394,76,2,0.5,5000,7200),(1395,76,5,0.5,5000,7800),(1396,76,3,0.5,5000,8400),(1397,76,8,0.5,5000,9000),(1398,76,8,0.5,5000,9600),(1399,76,10,0.5,5000,10200),(1400,76,9,0.5,5000,10800),(1401,76,7,0.5,5000,11400),(1402,76,7,0.5,5000,12000),(1403,76,10,0.5,5000,12600),(1404,76,5,0.5,5000,13200),(1405,76,9,0.5,5000,13800),(1406,76,9,0.5,5000,14400),(1407,76,5,0.5,5000,15000),(1408,76,6,0.5,5000,15600),(1409,76,7,0.5,5000,16200),(1410,76,9,0.5,5000,16800),(1411,76,3,0.5,5000,17400),(1412,77,10,0.5,5000,0),(1413,77,3,0.5,5000,600),(1414,77,10,0.5,5000,1200),(1415,77,1,0.5,5000,1800),(1416,77,10,0.5,5000,2400),(1417,77,9,0.5,5000,3000),(1418,77,10,0.5,5000,3600),(1419,77,3,0.5,5000,4200),(1420,77,4,0.5,5000,4800),(1421,77,9,0.5,5000,5400),(1422,77,5,0.5,5000,6000),(1423,77,8,0.5,5000,6600),(1424,77,4,0.5,5000,7200),(1425,77,3,0.5,5000,7800),(1426,77,2,0.5,5000,8400),(1427,77,8,0.5,5000,9000),(1428,77,6,0.5,5000,9600),(1429,77,4,0.5,5000,10200),(1430,77,5,0.5,5000,10800),(1431,77,1,0.5,5000,11400),(1432,77,5,0.5,5000,12000),(1433,77,9,0.5,5000,12600),(1434,77,1,0.5,5000,13200),(1435,77,9,0.5,5000,13800),(1436,77,10,0.5,5000,14400),(1437,77,5,0.5,5000,15000),(1438,77,1,0.5,5000,15600),(1439,77,2,0.5,5000,16200),(1440,77,3,0.5,5000,16800),(1441,77,8,0.5,5000,17400),(1442,78,8,0.5,5000,0),(1443,78,9,0.5,5000,600),(1444,78,8,0.5,5000,1200),(1445,78,4,0.5,5000,1800),(1446,78,4,0.5,5000,2400),(1447,78,3,0.5,5000,3000),(1448,78,4,0.5,5000,3600),(1449,78,6,0.5,5000,4200),(1450,78,9,0.5,5000,4800),(1451,78,10,0.5,5000,5400),(1452,78,1,0.5,5000,6000),(1453,78,1,0.5,5000,6600),(1454,78,5,0.5,5000,7200),(1455,78,8,0.5,5000,7800),(1456,78,9,0.5,5000,8400),(1457,78,5,0.5,5000,9000),(1458,78,4,0.5,5000,9600),(1459,78,10,0.5,5000,10200),(1460,78,6,0.5,5000,10800),(1461,78,1,0.5,5000,11400),(1462,78,9,0.5,5000,12000),(1463,78,5,0.5,5000,12600),(1464,78,6,0.5,5000,13200),(1465,78,10,0.5,5000,13800),(1466,78,1,0.5,5000,14400),(1467,78,4,0.5,5000,15000),(1468,78,2,0.5,5000,15600),(1469,78,6,0.5,5000,16200),(1470,78,1,0.5,5000,16800),(1471,78,1,0.5,5000,17400),(1472,79,10,0.5,5000,0),(1473,79,10,0.5,5000,600),(1474,79,10,0.5,5000,1200),(1475,79,8,0.5,5000,1800),(1476,79,8,0.5,5000,2400),(1477,79,1,0.5,5000,3000),(1478,79,3,0.5,5000,3600),(1479,79,5,0.5,5000,4200),(1480,79,4,0.5,5000,4800),(1481,79,8,0.5,5000,5400),(1482,79,5,0.5,5000,6000),(1483,79,4,0.5,5000,6600),(1484,79,5,0.5,5000,7200),(1485,79,9,0.5,5000,7800),(1486,79,2,0.5,5000,8400),(1487,79,10,0.5,5000,9000),(1488,79,1,0.5,5000,9600),(1489,79,2,0.5,5000,10200),(1490,79,1,0.5,5000,10800),(1491,79,4,0.5,5000,11400),(1492,79,5,0.5,5000,12000),(1493,79,9,0.5,5000,12600),(1494,79,2,0.5,5000,13200),(1495,79,8,0.5,5000,13800),(1496,79,2,0.5,5000,14400),(1497,79,10,0.5,5000,15000),(1498,79,3,0.5,5000,15600),(1499,79,2,0.5,5000,16200),(1500,79,8,0.5,5000,16800),(1501,79,8,0.5,5000,17400);
/*!40000 ALTER TABLE `scheduled_launches` ENABLE KEYS */;
UNLOCK TABLES;

--
-- Table structure for table `schedules`
--

DROP TABLE IF EXISTS `schedules`;
/*!40101 SET @saved_cs_client     = @@character_set_client */;
/*!40101 SET character_set_client = utf8 */;
CREATE TABLE `schedules` (
  `id` int(11) NOT NULL AUTO_INCREMENT,
  `name` varchar(255) NOT NULL,
  `description` text,
  PRIMARY KEY (`id`),
  UNIQUE KEY `name` (`name`)
) ENGINE=InnoDB AUTO_INCREMENT=80 DEFAULT CHARSET=utf8;
/*!40101 SET character_set_client = @saved_cs_client */;

--
-- Dumping data for table `schedules`
--

LOCK TABLES `schedules` WRITE;
/*!40000 ALTER TABLE `schedules` DISABLE KEYS */;
INSERT INTO `schedules` VALUES (2,'One boat',NULL),(3,'10 boats 1 minute delay 1',NULL),(4,'10 boats 1 minute delay 2',NULL),(5,'10 boats 1 minute delay 3',NULL),(6,'10 boats 1 minute delay 4',NULL),(7,'10 boats 1 minute delay 5',NULL),(8,'10 boats 2 minute delay 1',NULL),(9,'10 boats 2 minute delay 2',NULL),(10,'10 boats 2 minute delay 3',NULL),(11,'10 boats 2 minute delay 5',NULL),(12,'10 boats 2 minute delay 4',NULL),(13,'10 boats 3 minute delay 1',NULL),(14,'10 boats 3 minute delay 2',NULL),(15,'10 boats 3 minute delay 3',NULL),(16,'10 boats 3 minute delay 4',NULL),(17,'10 boats 3 minute delay 5',NULL),(18,'10 boats 5 minute delay 1',NULL),(19,'10 boats 5 minute delay 2',NULL),(20,'10 boats 5 minute delay 3',NULL),(21,'10 boats 5 minute delay 4',NULL),(22,'10 boats 5 minute delay 5',NULL),(23,'10 boats 10 minute delay 1',NULL),(24,'10 boats 10 minute delay 2',NULL),(25,'10 boats 10 minute delay 3',NULL),(26,'10 boats 10 minute delay 4',NULL),(27,'10 boats 10 minute delay 5',NULL),(28,'20 boats 1 minute delay 1',NULL),(29,'20 boats 1 minute delay 2',NULL),(30,'20 boats 1 minute delay 3',NULL),(31,'20 boats 1 minute delay 4',NULL),(32,'20 boats 1 minute delay 5',NULL),(33,'20 boats 2 minute delay 1',NULL),(34,'20 boats 2 minute delay 2',NULL),(35,'20 boats 2 minute delay 3',NULL),(36,'20 boats 2 minute delay 4',NULL),(37,'20 boats 2 minute delay 5',NULL),(38,'20 boats 3 minute delay 1',NULL),(39,'20 boats 3 minute delay 2',NULL),(40,'20 boats 3 minute delay 3',NULL),(41,'20 boats 3 minute delay 4',NULL),(42,'20 boats 3 minute delay 5',NULL),(44,'20 boats 5 minute delay 1',NULL),(45,'20 boats 5 minute delay 2',NULL),(46,'20 boats 5 minute delay 3',NULL),(47,'20 boats 5 minute delay 4',NULL),(48,'20 boats 5 minute delay 5',NULL),(49,'20 boats 10 minute delay 1',NULL),(50,'20 boats 10 minute delay 2',NULL),(51,'20 boats 10 minute delay 3',NULL),(52,'20 boats 10 minute delay 4',NULL),(53,'20 boats 10 minute delay 5',NULL),(54,'30 boats 1 minute delay 1',NULL),(55,'30 boats 1 minute delay 2',NULL),(56,'30 boats 1 minute delay 3',NULL),(57,'30 boats 1 minute delay 4',NULL),(58,'30 boats 1 minute delay 5',NULL),(59,'30 boats 2 minute delay 1',NULL),(60,'30 boats 2 minute delay 2',NULL),(61,'30 boats 2 minute delay 3',NULL),(62,'30 boats 2 minute delay 4',NULL),(63,'30 boats 2 minute delay 5',NULL),(65,'30 boats 3 minute delay 1',NULL),(66,'30 boats 3 minute delay 2',NULL),(67,'30 boats 3 minute delay 3',NULL),(68,'30 boats 3 minute delay 4',NULL),(69,'30 boats 3 minute delay 5',NULL),(70,'30 boats 5 minute delay 1',NULL),(71,'30 boats 5 minute delay 2',NULL),(72,'30 boats 5 minute delay 3',NULL),(73,'30 boats 5 minute delay 4',NULL),(74,'30 boats 5 minute delay 5',NULL),(75,'30 boats 10 minute delay 1',NULL),(76,'30 boats 10 minute delay 2',NULL),(77,'30 boats 10 minute delay 3',NULL),(78,'30 boats 10 minute delay 4',NULL),(79,'30 boats 10 minute delay 5',NULL);
/*!40000 ALTER TABLE `schedules` ENABLE KEYS */;
UNLOCK TABLES;
/*!40103 SET TIME_ZONE=@OLD_TIME_ZONE */;

/*!40101 SET SQL_MODE=@OLD_SQL_MODE */;
/*!40014 SET FOREIGN_KEY_CHECKS=@OLD_FOREIGN_KEY_CHECKS */;
/*!40014 SET UNIQUE_CHECKS=@OLD_UNIQUE_CHECKS */;
/*!40101 SET CHARACTER_SET_CLIENT=@OLD_CHARACTER_SET_CLIENT */;
/*!40101 SET CHARACTER_SET_RESULTS=@OLD_CHARACTER_SET_RESULTS */;
/*!40101 SET COLLATION_CONNECTION=@OLD_COLLATION_CONNECTION */;
/*!40111 SET SQL_NOTES=@OLD_SQL_NOTES */;

-- Dump completed on 2012-08-15 14:58:28
